taxa_query,taxa,tol_sciname,genus_split,rank,ott_id,is_synonym,flags,valid_name,status,terrestrial_only,freshwater_only,aphia_id
Rhipicephalus microplus,Rhipicephalus microplus,Rhipicephalus microplus,Rhipicephalus,species,621053,FALSE,NA,Rhipicephalus,accepted,1,NA,1505438
Nephila antipodiana,Nephila antipodiana,Nephila antipodiana,Nephila,NA,156510,FALSE,NA,Nephila,accepted,1,NA,1491362
Nephila clavata,Nephila clavata,Nephila clavata,Nephila,NA,997305,FALSE,NA,Nephila,accepted,1,NA,1491362
Rhipicephalus evertsi,Rhipicephalus evertsi,Rhipicephalus evertsi,Rhipicephalus,species,176530,FALSE,sibling_higher,Rhipicephalus,accepted,1,NA,1505438
Rhipicephalus annulatus,Rhipicephalus annulatus,Rhipicephalus annulatus,Rhipicephalus,species,493150,FALSE,NA,Rhipicephalus,accepted,1,NA,1505438
Rhipicephalus decoloratus,Rhipicephalus decoloratus,Rhipicephalus decoloratus,Rhipicephalus,species,737616,FALSE,NA,Rhipicephalus,accepted,1,NA,1505438
Rhipicephalus appendiculatus,Rhipicephalus appendiculatus,Rhipicephalus appendiculatus,Rhipicephalus,species,543035,FALSE,sibling_higher,Rhipicephalus,accepted,1,NA,1505438
Rhipicephalus compositus,Rhipicephalus compositus,Rhipicephalus compositus,Rhipicephalus,species,83652,FALSE,sibling_higher,Rhipicephalus,accepted,1,NA,1505438
Rhipicephalus pravus,Rhipicephalus pravus,Rhipicephalus pravus,Rhipicephalus,species,1001868,FALSE,sibling_higher,Rhipicephalus,accepted,1,NA,1505438
Rhipicephalus punctatus,Rhipicephalus punctatus,Rhipicephalus punctatus,Rhipicephalus,species,658143,FALSE,sibling_higher,Rhipicephalus,accepted,1,NA,1505438
Rhipicephalus simus,Rhipicephalus simus,Rhipicephalus simus,Rhipicephalus,species,658145,FALSE,sibling_higher,Rhipicephalus,accepted,1,NA,1505438
Rhipicephalus turanicus,Rhipicephalus turanicus,Rhipicephalus turanicus,Rhipicephalus,species,543038,FALSE,sibling_higher,Rhipicephalus,accepted,1,NA,1505438
Orconectes jeffersoni,Orconectes jeffersoni,Orconectes jeffersoni,Orconectes,species,827726,FALSE,NA,Orconectes,accepted,0,1,234097
Orconectes placidus,Orconectes placidus,Orconectes placidus,Orconectes,species,827729,FALSE,NA,Orconectes,accepted,0,1,234097
Orconectes sanbornii,Orconectes sanbornii,Orconectes sanbornii,Orconectes,species,77974,FALSE,NA,Orconectes,accepted,0,1,234097
Dermanyssus hirundinis,Dermanyssus hirundinis,Dermanyssus hirundinis,Dermanyssus,species,110285,FALSE,NA,Dermanyssus,accepted,1,NA,1513098
Dermanyssus longipes,Dermanyssus longipes,Dermanyssus longipes,Dermanyssus,species,110275,FALSE,NA,Dermanyssus,accepted,1,NA,1513098
Dermanyssus carpathicus,Dermanyssus carpathicus,Dermanyssus carpathicus,Dermanyssus,species,110279,FALSE,NA,Dermanyssus,accepted,1,NA,1513098
Dermanyssus hirsutus,Dermanyssus hirsutus,Dermanyssus hirsutus,Dermanyssus,species,1065976,FALSE,NA,Dermanyssus,accepted,1,NA,1513098
Dermanyssus quintus,Dermanyssus quintus,Dermanyssus quintus,Dermanyssus,species,1052927,FALSE,NA,Dermanyssus,accepted,1,NA,1513098
Rhipicephalus geigyi,Rhipicephalus geigyi,Rhipicephalus geigyi,Rhipicephalus,species,1057151,FALSE,NA,Rhipicephalus,accepted,1,NA,1505438
Rhipicephalus maculatus,Rhipicephalus maculatus,Rhipicephalus maculatus,Rhipicephalus,species,389187,FALSE,sibling_higher,Rhipicephalus,accepted,1,NA,1505438
Rhipicephalus pulchellus,Rhipicephalus pulchellus,Rhipicephalus pulchellus,Rhipicephalus,species,83661,FALSE,sibling_higher,Rhipicephalus,accepted,1,NA,1505438
Rhipicephalus zambeziensis,Rhipicephalus zambeziensis,Rhipicephalus zambeziensis,Rhipicephalus,species,176527,FALSE,sibling_higher,Rhipicephalus,accepted,1,NA,1505438
Rhipicephalus pumilio,Rhipicephalus pumilio,Rhipicephalus pumilio,Rhipicephalus,species,389189,FALSE,sibling_higher,Rhipicephalus,accepted,1,NA,1505438
Nephila pilipes,Nephila pilipes,Nephila pilipes,Nephila,species,371941,FALSE,NA,Nephila,accepted,1,NA,1491362
Aegla schmitti,Aegla schmitti,Aegla schmitti,Aegla,NA,70048,FALSE,NA,Aegla,accepted,0,1,366970
Orconectes harrisoni,Orconectes harrisoni,Orconectes harrisoni,Orconectes,species,665180,FALSE,NA,Orconectes,accepted,0,1,234097
Orconectes sloanii,Orconectes sloanii,Orconectes sloanii,Orconectes,species,665179,FALSE,NA,Orconectes,accepted,0,1,234097
Orconectes maletae,Orconectes maletae,Orconectes maletae,Orconectes,species,90907,FALSE,NA,Orconectes,accepted,0,1,234097
Orconectes palmeri,Orconectes palmeri,Orconectes palmeri,Orconectes,species,716944,FALSE,NA,Orconectes,accepted,0,1,234097
Orconectes alabamensis,Orconectes alabamensis,Orconectes alabamensis,Orconectes,species,716935,FALSE,NA,Orconectes,accepted,0,1,234097
Orconectes compressus,Orconectes compressus,Orconectes compressus,Orconectes,species,142687,FALSE,NA,Orconectes,accepted,0,1,234097
Orconectes mississippiensis,Orconectes mississippiensis,Orconectes mississippiensis,Orconectes,species,142685,FALSE,NA,Orconectes,accepted,0,1,234097
Orconectes acares,Orconectes acares,Orconectes acares,Orconectes,species,559788,FALSE,NA,Orconectes,accepted,0,1,234097
Orconectes barrenensis,Orconectes barrenensis,Orconectes barrenensis,Orconectes,species,559789,FALSE,NA,Orconectes,accepted,0,1,234097
Orconectes forceps,Orconectes forceps,Orconectes forceps,Orconectes,species,559792,FALSE,NA,Orconectes,accepted,0,1,234097
Orconectes hylas,Orconectes hylas,Orconectes hylas,Orconectes,species,559793,FALSE,NA,Orconectes,accepted,0,1,234097
Orconectes longidigitus,Orconectes longidigitus,Orconectes longidigitus,Orconectes,species,1057925,FALSE,NA,Orconectes,accepted,0,1,234097
Orconectes luteus,Orconectes luteus,Orconectes luteus,Orconectes,species,1057924,FALSE,NA,Orconectes,accepted,0,1,234097
Orconectes macrus,Orconectes macrus,Orconectes macrus,Orconectes,species,1057917,FALSE,NA,Orconectes,accepted,0,1,234097
Orconectes medius,Orconectes medius,Orconectes medius,Orconectes,species,1042373,FALSE,NA,Orconectes,accepted,0,1,234097
Orconectes menae,Orconectes menae,Orconectes menae,Orconectes,species,97039,FALSE,NA,Orconectes,accepted,0,1,234097
Orconectes mirus,Orconectes mirus,Orconectes mirus,Orconectes,species,516034,FALSE,NA,Orconectes,accepted,0,1,234097
Orconectes peruncus,Orconectes peruncus,Orconectes peruncus,Orconectes,species,828547,FALSE,NA,Orconectes,accepted,0,1,234097
Orconectes punctimanus,Orconectes punctimanus,Orconectes punctimanus,Orconectes,species,1057913,FALSE,NA,Orconectes,accepted,0,1,234097
Orconectes putnami,Orconectes putnami,Orconectes putnami,Orconectes,species,516038,FALSE,NA,Orconectes,accepted,0,1,234097
Orconectes quadruncus,Orconectes quadruncus,Orconectes quadruncus,Orconectes,species,516035,FALSE,NA,Orconectes,accepted,0,1,234097
Orconectes spinosus,Orconectes spinosus,Orconectes spinosus,Orconectes,species,566548,FALSE,NA,Orconectes,accepted,0,1,234097
Orconectes validus,Orconectes validus,Orconectes validus,Orconectes,species,836137,FALSE,NA,Orconectes,accepted,0,1,234097
Lepidurus couesii,Lepidurus couesii,Lepidurus couesii,Lepidurus,species,709235,FALSE,NA,Lepidurus,accepted,NA,1,1561142
Unionicola foili,Unionicola foili,Unionicola foili,Unionicola,species,709564,FALSE,NA,Unionicola,accepted,NA,1,158469
Unionicola formosa,Unionicola formosa,Unionicola formosa,Unionicola,species,3107,FALSE,NA,Unionicola,accepted,NA,1,158469
Unionicola dimocki,Unionicola dimocki,Unionicola dimocki,Unionicola,species,552777,FALSE,NA,Unionicola,accepted,NA,1,158469
Unionicola parkeri,Unionicola parkeri,Unionicola parkeri,Unionicola,species,552773,FALSE,NA,Unionicola,accepted,NA,1,158469
Stereotydeus villosus,Stereotydeus villosus,Stereotydeus villosus,Stereotydeus,species,278825,FALSE,NA,Stereotydeus,accepted,1,1,886513
Cyzicus setosa,Cyzicus setosa,Cyzicus setosa,Cyzicus,NA,7113872,FALSE,NA,Cyzicus,accepted,NA,1,593225
Troglocaris intermedia,Troglocaris intermedia,Troglocaris intermedia,Troglocaris,NA,755822,FALSE,sibling_higher,Troglocaris,accepted,0,1,586496
Troglocaris inermis,Troglocaris inermis,Troglocaris inermis,Troglocaris,NA,755821,FALSE,sibling_higher,Troglocaris,accepted,0,1,586496
Troglocaris pretneri,Troglocaris pretneri,Troglocaris pretneri,Troglocaris,species,232803,FALSE,NA,Troglocaris,accepted,0,1,586496
Triops simplex,Triops simplex,Triops simplex,Triops,NA,203025,FALSE,NA,Triops,accepted,NA,1,724676
Lynceus macleyanus,Lynceus macleyanus,Lynceus macleyanus,Lynceus,species,1019795,FALSE,NA,Lynceus,accepted,0,1,593145
Eulimnadia braueriana,Eulimnadia braueriana,Eulimnadia braueriana,Eulimnadia,species,376785,FALSE,NA,Eulimnadia,accepted,0,1,1459816
Eubranchipus vernalis,Eubranchipus vernalis,Eubranchipus vernalis,Eubranchipus,species,788790,FALSE,NA,Eubranchipus,accepted,NA,1,1325174
Unionicola tumida,Unionicola tumida,Unionicola tumida,Unionicola,species,515940,FALSE,NA,Unionicola,accepted,NA,1,158469
Unionicola smithae,Unionicola smithae,Unionicola smithae,Unionicola,species,247967,FALSE,NA,Unionicola,accepted,NA,1,158469
Unionicola serrata,Unionicola serrata,Unionicola serrata,Unionicola,species,515942,FALSE,NA,Unionicola,accepted,NA,1,158469
Unionicola crassipes,Unionicola crassipes,Unionicola crassipes,Unionicola,species,515931,FALSE,NA,Unionicola,accepted,NA,1,158469
Unionicola arcuata,Unionicola arcuata,Unionicola arcuata,Unionicola,species,794071,FALSE,NA,Unionicola,accepted,NA,1,158469
Unionicola aculeata,Unionicola aculeata,Unionicola aculeata,Unionicola,species,515933,FALSE,NA,Unionicola,accepted,NA,1,158469
Unionicola abnormipes,Unionicola abnormipes,Unionicola abnormipes,Unionicola,species,515935,FALSE,NA,Unionicola,accepted,NA,1,158469
Nesticus obcaecatus,Nesticus obcaecatus,Nesticus obcaecatus,Nesticus,NA,734407,FALSE,NA,Nesticus,accepted,1,NA,231925
Nesticus luquei,Nesticus luquei,Nesticus luquei,Nesticus,NA,734411,FALSE,NA,Nesticus,accepted,1,NA,231925
Nesticus ionescui,Nesticus ionescui,Nesticus ionescui,Nesticus,species,734413,FALSE,NA,Nesticus,accepted,1,NA,231925
Loxosceles caribbaea,Loxosceles caribbaea,Loxosceles caribbaea,Loxosceles,species,1069415,FALSE,NA,Loxosceles,accepted,1,NA,1491329
Loxosceles baja,Loxosceles baja,Loxosceles baja,Loxosceles,species,1017853,FALSE,NA,Loxosceles,accepted,1,NA,1491329
Loxosceles kaiba,Loxosceles kaiba,Loxosceles kaiba,Loxosceles,species,1069381,FALSE,NA,Loxosceles,accepted,1,NA,1491329
Loxosceles arizonica,Loxosceles arizonica,Loxosceles arizonica,Loxosceles,species,120964,FALSE,NA,Loxosceles,accepted,1,NA,1491329
Loxosceles blanda,Loxosceles blanda,Loxosceles blanda,Loxosceles,species,1069407,FALSE,NA,Loxosceles,accepted,1,NA,1491329
Loxosceles apachea,Loxosceles apachea,Loxosceles apachea,Loxosceles,species,1017855,FALSE,NA,Loxosceles,accepted,1,NA,1491329
Loxosceles sabina,Loxosceles sabina,Loxosceles sabina,Loxosceles,species,541801,FALSE,NA,Loxosceles,accepted,1,NA,1491329
Loxosceles deserta,Loxosceles deserta,Loxosceles deserta,Loxosceles,species,313889,FALSE,NA,Loxosceles,accepted,1,NA,1491329
Loxosceles colima,Loxosceles colima,Loxosceles colima,Loxosceles,species,1069397,FALSE,NA,Loxosceles,accepted,1,NA,1491329
Loxosceles reclusa,Loxosceles reclusa,Loxosceles reclusa,Loxosceles,species,673746,FALSE,NA,Loxosceles,accepted,1,NA,1491329
Loxosceles chinateca,Loxosceles chinateca,Loxosceles chinateca,Loxosceles,species,1069393,FALSE,NA,Loxosceles,accepted,1,NA,1491329
Loxosceles lacta,Loxosceles lacta,Loxosceles lacta,Loxosceles,species,1069385,FALSE,NA,Loxosceles,accepted,1,NA,1491329
Loxosceles amazonica,Loxosceles amazonica,Loxosceles amazonica,Loxosceles,species,932151,FALSE,NA,Loxosceles,accepted,1,NA,1491329
Loxoscelesegata,Loxoscelesegata,Loxosceles baja,Loxosceles,NA,1017853,FALSE,NA,Loxosceles,accepted,1,NA,1491329
Loxosceles intermedia,Loxosceles intermedia,Loxosceles intermedia,Loxosceles,species,653111,FALSE,NA,Loxosceles,accepted,1,NA,1491329
Loxosceles spadicea,Loxosceles spadicea,Loxosceles spadicea,Loxosceles,species,917989,FALSE,NA,Loxosceles,accepted,1,NA,1491329
Loxosceles hirsuta,Loxosceles hirsuta,Loxosceles hirsuta,Loxosceles,species,1069390,FALSE,NA,Loxosceles,accepted,1,NA,1491329
Loxosceles laeta,Loxosceles laeta,Loxosceles laeta,Loxosceles,species,653131,FALSE,NA,Loxosceles,accepted,1,NA,1491329
Loxosceles vonwredei,Loxosceles vonwredei,Loxosceles vonwredei,Loxosceles,species,461653,FALSE,NA,Loxosceles,accepted,1,NA,1491329
Loxosceles spinulosa,Loxosceles spinulosa,Loxosceles spinulosa,Loxosceles,species,1068112,FALSE,NA,Loxosceles,accepted,1,NA,1491329
Loxosceles speluncarum,Loxosceles speluncarum,Loxosceles speluncarum,Loxosceles,species,917979,FALSE,NA,Loxosceles,accepted,1,NA,1491329
Limnadia lenticularis,Limnadia lenticularis,Limnadia lenticularis,Limnadia,species,401740,FALSE,NA,Limnadia,accepted,0,1,1459821
Eulimnadia cylindrova,Eulimnadia cylindrova,Eulimnadia cylindrova,Eulimnadia,species,427149,FALSE,NA,Eulimnadia,accepted,0,1,1459816
Eulimnadia dahli,Eulimnadia dahli,Eulimnadia dahli,Eulimnadia,NA,630870,FALSE,NA,Eulimnadia,accepted,0,1,1459816
Limnadopsis parvispinus,Limnadopsis parvispinus,Limnadopsis parvispinus,Limnadopsis,species,952924,FALSE,NA,Limnadopsis,accepted,0,1,1459824
Limnadia sordida,Limnadia sordida,Limnadia sordida,Limnadia,species,802312,FALSE,NA,Limnadia,accepted,0,1,1459821
Limnadia badia,Limnadia badia,Limnadia badia,Limnadia,species,746551,FALSE,NA,Limnadia,accepted,0,1,1459821
Limnadopsis tatei,Limnadopsis tatei,Limnadopsis tatei,Limnadopsis,species,222972,FALSE,NA,Limnadopsis,accepted,0,1,1459824
Limnadiapponica,Limnadiapponica,Limnadia nipponica,Limnadia,NA,230072,FALSE,NA,Limnadia,accepted,0,1,1459821
Eulimnadia africana,Eulimnadia africana,Eulimnadia africana,Eulimnadia,species,630871,FALSE,NA,Eulimnadia,accepted,0,1,1459816
Eulimnadia diversa,Eulimnadia diversa,Eulimnadia diversa,Eulimnadia,NA,952926,FALSE,NA,Eulimnadia,accepted,0,1,1459816
Cyzicus gynecia,Cyzicus gynecia,Cyzicus gynecia,Cyzicus,species,952922,FALSE,NA,Cyzicus,accepted,NA,1,593225
Limnadopsis birchii,Limnadopsis birchii,Limnadopsis birchii,Limnadopsis,species,964999,FALSE,NA,Limnadopsis,accepted,0,1,1459824
Limnadopsis paradoxa,Limnadopsis paradoxa,Limnadopsis paradoxa,Limnadopsis,species,1021583,FALSE,NA,Limnadopsis,accepted,0,1,1459824
Loxosceles gaucho,Loxosceles gaucho,Loxosceles gaucho,Loxosceles,species,653133,FALSE,NA,Loxosceles,accepted,1,NA,1491329
Loxosceles mrazig,Loxosceles mrazig,Loxosceles mrazig,Loxosceles,species,47316,FALSE,NA,Loxosceles,accepted,1,NA,1491329
Dermanyssus apodis,Dermanyssus apodis,Dermanyssus apodis,Dermanyssus,species,463955,FALSE,NA,Dermanyssus,accepted,1,NA,1513098
Loxosceles foutadjalloni,Loxosceles foutadjalloni,Loxosceles foutadjalloni,Loxosceles,species,166785,FALSE,NA,Loxosceles,accepted,1,NA,1491329
Nesticus silvestrii,Nesticus silvestrii,Nesticus silvestrii,Nesticus,species,623348,FALSE,NA,Nesticus,accepted,1,NA,231925
Nesticus archeri,Nesticus archeri,Nesticus archeri,Nesticus,species,50532,FALSE,NA,Nesticus,accepted,1,NA,231925
Nesticus pecki,Nesticus pecki,Nesticus pecki,Nesticus,species,253354,FALSE,NA,Nesticus,accepted,1,NA,231925
Nesticus georgia,Nesticus georgia,Nesticus georgia,Nesticus,species,623339,FALSE,NA,Nesticus,accepted,1,NA,231925
Nesticus furtivus,Nesticus furtivus,Nesticus furtivus,Nesticus,species,50535,FALSE,NA,Nesticus,accepted,1,NA,231925
Nesticus stygius,Nesticus stygius,Nesticus stygius,Nesticus,species,996646,FALSE,NA,Nesticus,accepted,1,NA,231925
Nesticus jonesi,Nesticus jonesi,Nesticus jonesi,Nesticus,species,623341,FALSE,NA,Nesticus,accepted,1,NA,231925
Nesticus barri,Nesticus barri,Nesticus barri,Nesticus,species,50533,FALSE,NA,Nesticus,accepted,1,NA,231925
Heteropoda maxima,Heteropoda maxima,Heteropoda maxima,Heteropoda,species,395339,FALSE,sibling_higher,Heteropoda,accepted,1,NA,1491356
Heteropoda tetrica,Heteropoda tetrica,Heteropoda tetrica,Heteropoda,species,395345,FALSE,sibling_higher,Heteropoda,accepted,1,NA,1491356
Heteropoda dagmarae,Heteropoda dagmarae,Heteropoda dagmarae,Heteropoda,species,395337,FALSE,sibling_higher,Heteropoda,accepted,1,NA,1491356
Heteropoda aemulans,Heteropoda aemulans,Heteropoda aemulans,Heteropoda,species,395335,FALSE,sibling_higher,Heteropoda,accepted,1,NA,1491356
Heteropoda simplex,Heteropoda simplex,Heteropoda simplex,Heteropoda,species,395341,FALSE,sibling_higher,Heteropoda,accepted,1,NA,1491356
Heteropoda steineri,Heteropoda steineri,Heteropoda steineri,Heteropoda,species,395343,FALSE,sibling_higher,Heteropoda,accepted,1,NA,1491356
Sperchon violaceus,Sperchon violaceus,Sperchon violaceus,Sperchon,species,1088721,FALSE,NA,Sperchon,accepted,NA,1,593105
Unionicola hoesei,Unionicola hoesei,Unionicola hoesei,Unionicola,species,75815,FALSE,NA,Unionicola,accepted,NA,1,158469
Unionicola vamana,Unionicola vamana,Unionicola vamana,Unionicola,species,597069,FALSE,NA,Unionicola,accepted,NA,1,158469
Unionicola vikitra,Unionicola vikitra,Unionicola vikitra,Unionicola,species,597067,FALSE,NA,Unionicola,accepted,NA,1,158469
Unionicola kavanaghi,Unionicola kavanaghi,Unionicola kavanaghi,Unionicola,species,75817,FALSE,NA,Unionicola,accepted,NA,1,158469
Unionicola amandita,Unionicola amandita,Unionicola amandita,Unionicola,species,876012,FALSE,NA,Unionicola,accepted,NA,1,158469
Unionicola gailae,Unionicola gailae,Unionicola gailae,Unionicola,species,75811,FALSE,NA,Unionicola,accepted,NA,1,158469
Unionicola tupara,Unionicola tupara,Unionicola tupara,Unionicola,species,75819,FALSE,NA,Unionicola,accepted,NA,1,158469
Unionicola fulleri,Unionicola fulleri,Unionicola fulleri,Unionicola,species,75813,FALSE,NA,Unionicola,accepted,NA,1,158469
Balaustium medicagoense,Balaustium medicagoense,Balaustium medicagoense,Balaustium,species,54189,FALSE,NA,Balaustium,accepted,1,1,150453
Eubranchipus bundyi,Eubranchipus bundyi,Eubranchipus bundyi,Eubranchipus,species,959820,FALSE,NA,Eubranchipus,accepted,NA,1,1325174
Nephila constricta,Nephila constricta,Nephila constricta,Nephila,species,952193,FALSE,NA,Nephila,accepted,1,NA,1491362
Nephila edulis,Nephila edulis,Nephila edulis,Nephila,NA,952212,FALSE,NA,Nephila,accepted,1,NA,1491362
Nephila fenestrata,Nephila fenestrata,Nephila fenestrata,Nephila,NA,952214,FALSE,NA,Nephila,accepted,1,NA,1491362
Nephila inaurata,Nephila inaurata,Nephila inaurata,Nephila,NA,189516,FALSE,NA,Nephila,accepted,1,NA,1491362
Nephila plumipes,Nephila plumipes,Nephila plumipes,Nephila,NA,894465,FALSE,NA,Nephila,accepted,1,NA,1491362
Nephila senegalensis,Nephila senegalensis,Nephila senegalensis,Nephila,NA,499088,FALSE,NA,Nephila,accepted,1,NA,1491362
Vejdovskybathynella edelweiss,Vejdovskybathynella edelweiss,Vejdovskybathynella edelweiss,Vejdovskybathynella,species,843465,FALSE,NA,Vejdovskybathynella,accepted,0,1,1039203
Iberobathynella imuniensis,Iberobathynella imuniensis,Iberobathynella imuniensis,Iberobathynella,species,105734,FALSE,NA,Iberobathynella,accepted,0,1,1039268
Iberobathynella cantabriensis,Iberobathynella cantabriensis,Iberobathynella cantabriensis,Iberobathynella,species,105718,FALSE,NA,Iberobathynella,accepted,0,1,1039268
Iberobathynella magna,Iberobathynella magna,Iberobathynella magna,Iberobathynella,species,1021342,FALSE,NA,Iberobathynella,accepted,0,1,1039268
Iberobathynella burgalensis,Iberobathynella burgalensis,Iberobathynella burgalensis,Iberobathynella,species,105716,FALSE,NA,Iberobathynella,accepted,0,1,1039268
Iberobathynella celiana,Iberobathynella celiana,Iberobathynella celiana,Iberobathynella,species,105732,FALSE,NA,Iberobathynella,accepted,0,1,1039268
Hexabathynella sevillaensis,Hexabathynella sevillaensis,Hexabathynella sevillaensis,Hexabathynella,species,627094,FALSE,NA,Hexabathynella,accepted,0,1,1039132
Limnadopsis parvispinusaroo,Limnadopsis parvispinusaroo,Limnadopsis parvispinus,Limnadopsis,NA,952924,FALSE,NA,Limnadopsis,accepted,0,1,1459824
Nephila turneri,Nephila turneri,Nephila turneri,Nephila,NA,611616,FALSE,NA,Nephila,accepted,1,NA,1491362
Unionicola minor,Unionicola minor,Unionicola minor,Unionicola,species,3532696,FALSE,sibling_higher,Unionicola,accepted,NA,1,158469
Nesticus coreanus,Nesticus coreanus,Nesticus coreanus,Nesticus,species,975612,FALSE,NA,Nesticus,accepted,1,NA,231925
Nesticus kyongkeomsanensis,Nesticus kyongkeomsanensis,Nesticus kyongkeomsanensis,Nesticus,species,205455,FALSE,NA,Nesticus,accepted,1,NA,231925
Brevisomabathynella uramurdahensis,Brevisomabathynella uramurdahensis,Brevisomabathynella uramurdahensis,Brevisomabathynella,NA,1046345,FALSE,NA,Brevisomabathynella,accepted,0,1,1039150
Brevisomabathynella cunyuensis,Brevisomabathynella cunyuensis,Brevisomabathynella cunyuensis,Brevisomabathynella,species,469738,FALSE,NA,Brevisomabathynella,accepted,0,1,1039150
Limnadopsis bloodwoodensis,Limnadopsis bloodwoodensis,Limnadopsis bloodwoodensis,Limnadopsis,species,989258,FALSE,NA,Limnadopsis,accepted,0,1,1459824
Limnadopsis brevirostris,Limnadopsis brevirostris,Limnadopsis brevirostris,Limnadopsis,species,989256,FALSE,NA,Limnadopsis,accepted,0,1,1459824
Rhipicephalus haemaphysaloides,Rhipicephalus haemaphysaloides,Rhipicephalus haemaphysaloides,Rhipicephalus,species,911537,FALSE,sibling_higher,Rhipicephalus,accepted,1,NA,1505438
Rhipicephalus rossicus,Rhipicephalus rossicus,Rhipicephalus rossicus,Rhipicephalus,species,145895,FALSE,sibling_higher,Rhipicephalus,accepted,1,NA,1505438
Amphisopus annectans,Amphisopus annectans,Amphisopus annectans,Amphisopus,species,213426,FALSE,NA,Amphisopus,accepted,0,1,248407
Vejdovskybathynella vasconica,Vejdovskybathynella vasconica,Vejdovskybathynella vasconica,Vejdovskybathynella,NA,5755381,FALSE,NA,Vejdovskybathynella,accepted,0,1,1039203
Vejdovskybathynella caroloi,Vejdovskybathynella caroloi,Vejdovskybathynella caroloi,Vejdovskybathynella,species,5755383,FALSE,NA,Vejdovskybathynella,accepted,0,1,1039203
Iberobathynella parasturiensis,Iberobathynella parasturiensis,Iberobathynella parasturiensis,Iberobathynella,species,4675427,FALSE,NA,Iberobathynella,accepted,0,1,1039268
Rhipicephalus australis,Rhipicephalus australis,Rhipicephalus australis,Rhipicephalus,species,250979,FALSE,NA,Rhipicephalus,accepted,1,NA,1505438
Rhipicephalus kohlsi,Rhipicephalus kohlsi,Rhipicephalus kohlsi,Rhipicephalus,species,389191,FALSE,NA,Rhipicephalus,accepted,1,NA,1505438
Eulimnadia belki,Eulimnadia belki,Eulimnadia belki,Eulimnadia,species,5231579,FALSE,NA,Eulimnadia,accepted,0,1,1459816
Rhipicephalus bursa,Rhipicephalus bursa,Rhipicephalus bursa,Rhipicephalus,species,470255,FALSE,sibling_higher,Rhipicephalus,accepted,1,NA,1505438
Rhipicephalus leporis,Rhipicephalus leporis,Rhipicephalus leporis,Rhipicephalus,species,467642,FALSE,sibling_higher,Rhipicephalus,accepted,1,NA,1505438
Iberobathynella cornejoensis,Iberobathynella cornejoensis,Iberobathynella cornejoensis,Iberobathynella,species,7122482,FALSE,NA,Iberobathynella,accepted,0,1,1039268
Scytodes lugubris,Scytodes lugubris,Scytodes lugubris,Scytodes,species,3541779,FALSE,NA,Scytodes,accepted,1,NA,1491351
Rhipicephalus sulcatus,Rhipicephalus sulcatus,Rhipicephalus sulcatus,Rhipicephalus,species,150387,FALSE,sibling_higher,Rhipicephalus,accepted,1,NA,1505438
Nephila sexpunctata,Nephila sexpunctata,Nephila sexpunctata,Nephila,NA,3572012,FALSE,NA,Nephila,accepted,1,NA,1491362
Scytodes thoracica,Scytodes thoracica,Scytodes thoracica,Scytodes,species,946500,FALSE,NA,Scytodes,accepted,1,NA,1491351
Heteropodabilis,Heteropodabilis,Heteropoda debilis,Heteropoda,NA,3550971,FALSE,sibling_higher,Heteropoda,accepted,1,NA,1491356
Nesticus holsingeri,Nesticus holsingeri,Nesticus holsingeri,Nesticus,species,673637,FALSE,NA,Nesticus,accepted,1,NA,231925
Triops sinensis,Triops sinensis,Triops sinensis,Triops,NA,7114074,FALSE,NA,Triops,accepted,NA,1,724676
Sperchon fuxiensis,Sperchon fuxiensis,Sperchon fuxiensis,Sperchon,species,7095361,FALSE,NA,Sperchon,accepted,NA,1,593105
Sperchon plumifer,Sperchon plumifer,Sperchon plumifer,Sperchon,species,3533092,FALSE,NA,Sperchon,accepted,NA,1,593105
Sperchon rostratus,Sperchon rostratus,Sperchon rostratus,Sperchon,species,6166092,FALSE,NA,Sperchon,accepted,NA,1,593105
Rhipicephalus duttoni,Rhipicephalus duttoni,Rhipicephalus duttoni,Rhipicephalus,NA,3525365,FALSE,sibling_higher,Rhipicephalus,accepted,1,NA,1505438
Rhipicephalus senegalensis,Rhipicephalus senegalensis,Rhipicephalus senegalensis,Rhipicephalus,NA,3525393,FALSE,sibling_higher,Rhipicephalus,accepted,1,NA,1505438
Loxosceles persica,Loxosceles persica,Loxosceles persica,Loxosceles,species,7108343,FALSE,NA,Loxosceles,accepted,1,NA,1491329
Loxosceles taino,Loxosceles taino,Loxosceles taino,Loxosceles,species,3540610,FALSE,NA,Loxosceles,accepted,1,NA,1491329
Loxosceles cubana,Loxosceles cubana,Loxosceles cubana,Loxosceles,species,3540616,FALSE,NA,Loxosceles,accepted,1,NA,1491329
Loxosceles jamaica,Loxosceles jamaica,Loxosceles jamaica,Loxosceles,species,3540658,FALSE,NA,Loxosceles,accepted,1,NA,1491329
Loxosceles jarmila,Loxosceles jarmila,Loxosceles jarmila,Loxosceles,species,3540632,FALSE,NA,Loxosceles,accepted,1,NA,1491329
Sperchon glandulosus,Sperchon glandulosus,Sperchon glandulosus,Sperchon,species,3533107,FALSE,NA,Sperchon,accepted,NA,1,593105
