taxa_query,taxa,tol_sciname,genus_split,rank,ott_id,is_synonym,flags,valid_name,status,terrestrial_only,freshwater_only,aphia_id
Satsuma peculiaris,Satsuma peculiaris,Satsuma peculiaris,Satsuma,species,459422,FALSE,NA,Satsuma,accepted,1,0,818543
Satsuma oshimae,Satsuma oshimae,Satsuma oshimae,Satsuma,species,459429,FALSE,NA,Satsuma,accepted,1,0,818543
Camaena sakishimana,Camaena sakishimana,Camaena sakishimana,Camaena,species,732291,FALSE,sibling_higher,Camaena,accepted,1,0,835673
Satsuma carinatus,Satsuma carinatus,Satsuma carinatus,Satsuma,species,852440,FALSE,NA,Satsuma,accepted,1,0,818543
Aegista goniosoma,Aegista goniosoma,Aegista goniosoma,Aegista,species,5264576,FALSE,sibling_higher,Aegista,accepted,1,0,874976
Aegista mikuriyensis,Aegista mikuriyensis,Aegista mikuriyensis,Aegista,species,5264603,FALSE,sibling_higher,Aegista,accepted,1,0,874976
Aegista pseudopatula,Aegista pseudopatula,Aegista pseudopatula,Aegista,species,5264599,FALSE,sibling_higher,Aegista,accepted,1,0,874976
Aegista tokunoshimana,Aegista tokunoshimana,Aegista tokunoshimana,Aegista,species,5264572,FALSE,sibling_higher,Aegista,accepted,1,0,874976
Aegista cavicollis,Aegista cavicollis,Aegista cavicollis,Aegista,species,5264580,FALSE,sibling_higher,Aegista,accepted,1,0,874976
Aegista kandai,Aegista kandai,Aegista kandai,Aegista,species,5264585,FALSE,sibling_higher,Aegista,accepted,1,0,874976
Aegista trochula,Aegista trochula,Aegista trochula,Aegista,species,5264584,FALSE,sibling_higher,Aegista,accepted,1,0,874976
Aegista aemula,Aegista aemula,Aegista aemula,Aegista,species,5264594,FALSE,sibling_higher,Aegista,accepted,1,0,874976
Aegista deflexa,Aegista deflexa,Aegista deflexa,Aegista,species,5264593,FALSE,sibling_higher,Aegista,accepted,1,0,874976
Aegista elegantissima,Aegista elegantissima,Aegista elegantissima,Aegista,species,386518,FALSE,sibling_higher,Aegista,accepted,1,0,874976
Aegista horrida,Aegista horrida,Aegista horrida,Aegista,species,5264579,FALSE,sibling_higher,Aegista,accepted,1,0,874976
Aegista inexpectata,Aegista inexpectata,Aegista inexpectata,Aegista,species,760988,FALSE,sibling_higher,Aegista,accepted,1,0,874976
Aegista kiusiuensis,Aegista kiusiuensis,Aegista kiusiuensis,Aegista,species,5264587,FALSE,sibling_higher,Aegista,accepted,1,0,874976
Aegista tokunovaga,Aegista tokunovaga,Aegista tokunovaga,Aegista,species,5264582,FALSE,sibling_higher,Aegista,accepted,1,0,874976
Aegista lepidophora,Aegista lepidophora,Aegista lepidophora,Aegista,species,5264602,FALSE,sibling_higher,Aegista,accepted,1,0,874976
Aegista marginata,Aegista marginata,Aegista marginata,Aegista,species,5264601,FALSE,sibling_higher,Aegista,accepted,1,0,874976
Aegista oshimana,Aegista oshimana,Aegista oshimana,Aegista,species,5264597,FALSE,sibling_higher,Aegista,accepted,1,0,874976
Aegista pannosa,Aegista pannosa,Aegista pannosa,Aegista,species,5264575,FALSE,sibling_higher,Aegista,accepted,1,0,874976
Aegista scepasma,Aegista scepasma,Aegista scepasma,Aegista,species,760990,FALSE,sibling_higher,Aegista,accepted,1,0,874976
Aegista vulgivaga,Aegista vulgivaga,Aegista vulgivaga,Aegista,species,752073,FALSE,sibling_higher,Aegista,accepted,1,0,874976
Trishoplita calcicola,Trishoplita calcicola,Trishoplita calcicola,Trishoplita,species,5264540,FALSE,NA,Trishoplita,accepted,1,0,995801
Trishoplitaoyaka,Trishoplitaoyaka,Trishoplita nioyaka,Trishoplita,NA,5264562,FALSE,NA,Trishoplita,accepted,1,0,995801
Trishoplita goodwini,Trishoplita goodwini,Trishoplita goodwini,Trishoplita,species,5264564,FALSE,NA,Trishoplita,accepted,1,0,995801
Trishoplita izuensis,Trishoplita izuensis,Trishoplita izuensis,Trishoplita,species,5264555,FALSE,NA,Trishoplita,accepted,1,0,995801
Chilostoma trizona,Chilostoma trizona,Chilostoma trizona,Chilostoma,species,406735,FALSE,NA,Chilostoma,accepted,1,0,871085
Chilostoma subaii,Chilostoma subaii,Chilostoma subaii,Chilostoma,species,406732,FALSE,NA,Chilostoma,accepted,1,0,871085
Chilostoma fontenillii,Chilostoma fontenillii,Chilostoma fontenillii,Chilostoma,species,910461,FALSE,NA,Chilostoma,accepted,1,0,871085
Philonesia harmanni,Philonesia harmanni,Philonesia harmanni,Philonesia,species,748552,FALSE,NA,Philonesia,accepted,1,0,996307
Tylomelania perconica,Tylomelania perconica,Tylomelania perconica,Tylomelania,species,1077050,FALSE,hidden_inherited,Tylomelania,accepted,0,1,738540
Tylomelania solitaria,Tylomelania solitaria,Tylomelania solitaria,Tylomelania,species,543143,FALSE,hidden_inherited,Tylomelania,accepted,0,1,738540
Tylomelania mahalonica,Tylomelania mahalonica,Tylomelania mahalonica,Tylomelania,species,543144,FALSE,hidden_inherited,Tylomelania,accepted,0,1,738540
Albinaria puella,Albinaria puella,Albinaria puella,Albinaria,species,361946,FALSE,NA,Albinaria,accepted,1,0,996062
Pyrgulopsis idahoensis,Pyrgulopsis idahoensis,Pyrgulopsis idahoensis,Pyrgulopsis,species,830523,FALSE,incertae_sedis_inherited,Pyrgulopsis,accepted,0,1,717226
Bridouxia tanganyicensis,Bridouxia tanganyicensis,Bridouxia tanganyicensis,Bridouxia,species,189530,FALSE,hidden_inherited,Bridouxia,accepted,0,1,1057374
Leptaxis minor,Leptaxis minor,Leptaxis minor,Leptaxis,species,404762,FALSE,NA,Leptaxis,accepted,1,0,996520
Leptaxis terceirana,Leptaxis terceirana,Leptaxis terceirana,Leptaxis,species,879842,FALSE,NA,Leptaxis,accepted,1,0,996520
Leptaxis caldeirarum,Leptaxis caldeirarum,Leptaxis caldeirarum,Leptaxis,species,879839,FALSE,NA,Leptaxis,accepted,1,0,996520
Amborhytida pycrofti,Amborhytida pycrofti,Amborhytida pycrofti,Amborhytida,species,784098,FALSE,NA,Amborhytida,accepted,1,0,820913
Amborhytida tarangaensis,Amborhytida tarangaensis,Amborhytida tarangaensis,Amborhytida,species,784099,FALSE,NA,Amborhytida,accepted,1,0,820913
Bulimulus quitensis,Bulimulus quitensis,Bulimulus quitensis,Bulimulus,NA,339269,FALSE,NA,Bulimulus,accepted,1,0,861633
Bulimulus unifasciatus,Bulimulus unifasciatus,Bulimulus unifasciatus,Bulimulus,species,421460,FALSE,NA,Bulimulus,accepted,1,0,861633
Bulimulussioticus,Bulimulussioticus,Bulimulus nesioticus,Bulimulus,NA,421446,FALSE,NA,Bulimulus,accepted,1,0,861633
Bulimulus sculpturatus,Bulimulus sculpturatus,Bulimulus sculpturatus,Bulimulus,species,421445,FALSE,NA,Bulimulus,accepted,1,0,861633
Bulimulus darwini,Bulimulus darwini,Bulimulus darwini,Bulimulus,species,1026135,FALSE,NA,Bulimulus,accepted,1,0,861633
Bulimulus wolfi,Bulimulus wolfi,Bulimulus wolfi,Bulimulus,species,903719,FALSE,NA,Bulimulus,accepted,1,0,861633
Bulimulus akamatus,Bulimulus akamatus,Bulimulus akamatus,Bulimulus,species,903718,FALSE,NA,Bulimulus,accepted,1,0,861633
Bulimulus snodgrassi,Bulimulus snodgrassi,Bulimulus snodgrassi,Bulimulus,species,903727,FALSE,NA,Bulimulus,accepted,1,0,861633
Bulimulus cavagnaroi,Bulimulus cavagnaroi,Bulimulus cavagnaroi,Bulimulus,species,903726,FALSE,NA,Bulimulus,accepted,1,0,861633
Bulimulus blombergi,Bulimulus blombergi,Bulimulus blombergi,Bulimulus,species,378584,FALSE,NA,Bulimulus,accepted,1,0,861633
Bulimulus tortuganus,Bulimulus tortuganus,Bulimulus tortuganus,Bulimulus,species,378585,FALSE,NA,Bulimulus,accepted,1,0,861633
Bulimulus perrus,Bulimulus perrus,Bulimulus perrus,Bulimulus,species,378586,FALSE,NA,Bulimulus,accepted,1,0,861633
Bulimulus tanneri,Bulimulus tanneri,Bulimulus tanneri,Bulimulus,species,378587,FALSE,NA,Bulimulus,accepted,1,0,861633
Bulimulus pinzonensis,Bulimulus pinzonensis,Bulimulus pinzonensis,Bulimulus,species,623472,FALSE,NA,Bulimulus,accepted,1,0,861633
Bulimulus pinzonopsis,Bulimulus pinzonopsis,Bulimulus pinzonopsis,Bulimulus,species,954751,FALSE,NA,Bulimulus,accepted,1,0,861633
Chilostoma ichthyomma,Chilostoma ichthyomma,Chilostoma ichthyomma,Chilostoma,species,864849,FALSE,NA,Chilostoma,accepted,1,0,871085
Diplommatina ringens,Diplommatina ringens,Diplommatina ringens,Diplommatina,species,935384,FALSE,NA,Diplommatina,accepted,1,0,818217
Bythinella rufescens,Bythinella rufescens,Bythinella rufescens,Bythinella,species,993006,FALSE,NA,Bythinella,accepted,0,1,716161
Semisulcospira cancellata,Semisulcospira cancellata,Semisulcospira cancellata,Semisulcospira,species,451798,FALSE,hidden_inherited,Semisulcospira,accepted,0,1,741120
Semisulcospira aubryana,Semisulcospira aubryana,Semisulcospira aubryana,Semisulcospira,species,521886,FALSE,hidden_inherited,Semisulcospira,accepted,0,1,741120
Limax minimus,Limax minimus,Limax minimus,Limax,species,3895,FALSE,NA,Limax,accepted,1,0,154017
Vertigo brierensis,Vertigo brierensis,Vertigo brierensis,Vertigo,NA,678324,FALSE,NA,Vertigo,accepted,1,0,426423
Vertigo iowaensis,Vertigo iowaensis,Vertigo iowaensis,Vertigo,NA,642295,FALSE,NA,Vertigo,accepted,1,0,426423
Bythiospeum acutum,Bythiospeum acutum,Bythiospeum acutum,Bythiospeum,NA,4960092,FALSE,NA,Bythiospeum,accepted,0,1,475218
Hemicycla retrodens,Hemicycla retrodens,Hemicycla retrodens,Hemicycla,species,557190,FALSE,NA,Hemicycla,accepted,1,0,996423
Hemicyclavariae,Hemicyclavariae,Hemicycla nivariae,Hemicycla,NA,94448,FALSE,NA,Hemicycla,accepted,1,0,996423
Gulella linguifera,Gulella linguifera,Gulella linguifera,Gulella,species,408784,FALSE,sibling_higher,Gulella,accepted,1,0,818295
Bostryx apodemetes,Bostryx apodemetes,Bostryx apodemetes,Bostryx,NA,858023,FALSE,NA,Bostryx,accepted,1,0,866574
Cochlostoma yapigium,Cochlostoma yapigium,Cochlostoma yapigium,Cochlostoma,species,873582,FALSE,incertae_sedis,Cochlostoma,accepted,1,0,934001
Cochlostoma dionysii,Cochlostoma dionysii,Cochlostoma dionysii,Cochlostoma,species,915266,FALSE,incertae_sedis,Cochlostoma,accepted,1,0,934001
Bellamya quadrata,Bellamya quadrata,Bellamya quadrata,Bellamya,species,688123,FALSE,NA,Bellamya,accepted,0,1,716177
Tricula wumingensis,Tricula wumingensis,Tricula wumingensis,Tricula,species,1097828,FALSE,NA,Tricula,accepted,0,1,724822
Tricula hongshanensis,Tricula hongshanensis,Tricula hongshanensis,Tricula,NA,803710,FALSE,NA,Tricula,accepted,0,1,724822
Tricula hsiangi,Tricula hsiangi,Tricula hsiangi,Tricula,species,803713,FALSE,NA,Tricula,accepted,0,1,724822
Chittypoma jarvisi,Chittypoma jarvisi,Chittypoma jarvisi,Chittypoma,NA,634858,FALSE,NA,Chittypoma,accepted,1,0,995446
Parachondria campbellii,Parachondria campbellii,Parachondria campbellii,Parachondria,NA,1068848,FALSE,sibling_higher,Parachondria,accepted,1,0,932071
Parachondria shepardiana,Parachondria shepardiana,Parachondria shepardiana,Parachondria,NA,1068842,FALSE,sibling_higher,Parachondria,accepted,1,0,932071
Parachondria wilkinsonii,Parachondria wilkinsonii,Parachondria wilkinsonii,Parachondria,species,7494682,FALSE,sibling_higher,Parachondria,accepted,1,0,932071
Chondropoma clenchi,Chondropoma clenchi,Chondropoma clenchi,Chondropoma,species,516467,FALSE,NA,Chondropoma,accepted,1,0,932080
Chondropoma dilatatum,Chondropoma dilatatum,Chondropoma dilatatum,Chondropoma,NA,816303,FALSE,NA,Chondropoma,accepted,1,0,932080
Chondropoma compressa,Chondropoma compressa,Chondropoma compressa,Chondropoma,NA,930160,FALSE,NA,Chondropoma,accepted,1,0,932080
Chilostoma pelia,Chilostoma pelia,Chilostoma pelia,Chilostoma,species,2879819,FALSE,NA,Chilostoma,accepted,1,0,871085
Chilostoma lefeburiana,Chilostoma lefeburiana,Chilostoma lefeburiana,Chilostoma,species,2879846,FALSE,NA,Chilostoma,accepted,1,0,871085
Chilostoma planospira,Chilostoma planospira,Chilostoma planospira,Chilostoma,species,189133,FALSE,NA,Chilostoma,accepted,1,0,871085
Chilostoma desmoulinsii,Chilostoma desmoulinsii,Chilostoma desmoulinsii,Chilostoma,species,2879866,FALSE,NA,Chilostoma,accepted,1,0,871085
Chilostoma squamatinum,Chilostoma squamatinum,Chilostoma squamatinum,Chilostoma,species,2879812,FALSE,NA,Chilostoma,accepted,1,0,871085
Chilostoma glaciale,Chilostoma glaciale,Chilostoma glaciale,Chilostoma,NA,712676,FALSE,NA,Chilostoma,accepted,1,0,871085
Chilostoma conemenosi,Chilostoma conemenosi,Chilostoma conemenosi,Chilostoma,species,2879840,FALSE,NA,Chilostoma,accepted,1,0,871085
Chilostoma phocaea,Chilostoma phocaea,Chilostoma phocaea,Chilostoma,species,2879845,FALSE,NA,Chilostoma,accepted,1,0,871085
Chilostoma subzonata,Chilostoma subzonata,Chilostoma subzonata,Chilostoma,species,2879813,FALSE,NA,Chilostoma,accepted,1,0,871085
Chilostoma kollari,Chilostoma kollari,Chilostoma kollari,Chilostoma,species,2879873,FALSE,NA,Chilostoma,accepted,1,0,871085
Chilostoma ambrosi,Chilostoma ambrosi,Chilostoma ambrosi,Chilostoma,species,2879843,FALSE,NA,Chilostoma,accepted,1,0,871085
Chilostoma ziegleri,Chilostoma ziegleri,Chilostoma ziegleri,Chilostoma,species,2879853,FALSE,NA,Chilostoma,accepted,1,0,871085
Chilostoma albanograeca,Chilostoma albanograeca,Chilostoma albanograeca,Chilostoma,species,2879857,FALSE,NA,Chilostoma,accepted,1,0,871085
Chilostoma setigera,Chilostoma setigera,Chilostoma setigera,Chilostoma,species,2879859,FALSE,NA,Chilostoma,accepted,1,0,871085
Chilostoma stenomphala,Chilostoma stenomphala,Chilostoma stenomphala,Chilostoma,species,2879838,FALSE,NA,Chilostoma,accepted,1,0,871085
Chilostoma sztolcmani,Chilostoma sztolcmani,Chilostoma sztolcmani,Chilostoma,NA,2879830,FALSE,NA,Chilostoma,accepted,1,0,871085
Trochulus phorochaetius,Trochulus phorochaetius,Trochulus phorochaetius,Trochulus,NA,5264535,FALSE,NA,Euconulus,unaccepted,1,0,999495
Trochulus phorochaetius,Trochulus phorochaetius,Trochulus phorochaetius,Trochulus,NA,5264535,FALSE,NA,Trochulus,accepted,1,0,996567
Theba gittenbergeri,Theba gittenbergeri,Theba gittenbergeri,Theba,species,5517760,FALSE,NA,Theba,accepted,1,0,426410
Aegista permellita,Aegista permellita,Aegista permellita,Aegista,species,5757706,FALSE,sibling_higher,Aegista,accepted,1,0,874976
Helicostyla pan,Helicostyla pan,Helicostyla pan,Helicostyla,NA,5973624,FALSE,NA,Helicostyla,accepted,1,0,993127
Helicostyla cryptica,Helicostyla cryptica,Helicostyla cryptica,Helicostyla,species,5973622,FALSE,NA,Helicostyla,accepted,1,0,993127
Helicostyla butleri,Helicostyla butleri,Helicostyla butleri,Helicostyla,species,5973633,FALSE,sibling_higher,Helicostyla,accepted,1,0,993127
Helicostyla corticolor,Helicostyla corticolor,Helicostyla corticolor,Helicostyla,species,5973635,FALSE,sibling_higher,Helicostyla,accepted,1,0,993127
Helicostyla portei,Helicostyla portei,Helicostyla portei,Helicostyla,species,5973645,FALSE,sibling_higher,Helicostyla,accepted,1,0,993127
Pupilla alluvionica,Pupilla alluvionica,Pupilla alluvionica,Pupilla,species,5758804,FALSE,NA,Pupilla,accepted,1,0,426395
Pupilla turcmenica,Pupilla turcmenica,Pupilla turcmenica,Pupilla,species,5758808,FALSE,NA,Pupilla,accepted,1,0,426395
Anodonta euscaphys,Anodonta euscaphys,Anodonta euscaphys,Anodonta,species,5718833,FALSE,sibling_higher,Anodonta,accepted,NA,1,224838
Semisulcospira dolorosa,Semisulcospira dolorosa,Semisulcospira dolorosa,Semisulcospira,species,689393,FALSE,hidden_inherited,Semisulcospira,accepted,0,1,741120
Camaena jinpingensis,Camaena jinpingensis,Camaena jinpingensis,Camaena,species,5973590,FALSE,sibling_higher,Camaena,accepted,1,0,835673
Bythiospeum septentrionale,Bythiospeum septentrionale,Bythiospeum septentrionale,Bythiospeum,species,7495389,FALSE,NA,Bythiospeum,accepted,0,1,475218
Cochlostoma arnautorum,Cochlostoma arnautorum,Cochlostoma arnautorum,Cochlostoma,species,7494391,FALSE,NA,Cochlostoma,accepted,1,0,934001
Cochlostoma mnelense,Cochlostoma mnelense,Cochlostoma mnelense,Cochlostoma,species,7494395,FALSE,NA,Cochlostoma,accepted,1,0,934001
