"","species_verbatim","query","domain","kingdom","phylum","class","subclass","order","family","genus","species","ottid_species","rank"
"1","Abramis brama x Blicca bjoerkna","Abramis brama x Blicca bjoerkna","Eukaryota","Metazoa","Chordata","Actinopteri","Neopterygii","Cypriniformes","Cyprinidae",NA,"Abramis brama x Blicca bjoerkna",4949329,NA
"2","Acanthopagrus schlegelii x Pagrus major","Acanthopagrus schlegelii x Pagrus major","Eukaryota","Metazoa","Chordata","Actinopteri","Neopterygii","Acanthomorphata","Sparidae",NA,"Acanthopagrus schlegelii x Pagrus major",5852308,NA
"3","Acanthurus lineatus x Acanthurus sohal","Acanthurus lineatus x Acanthurus sohal","Eukaryota","Metazoa","Chordata","Actinopteri","Neopterygii","Acanthomorphata","Acanthuridae","Acanthurus","Acanthurus lineatus x Acanthurus sohal",5859579,NA
"4","Acanthurus nigricans x Acanthurus achilles","Acanthurus nigricans x Acanthurus achilles","Eukaryota","Metazoa","Chordata","Actinopteri","Neopterygii","Acanthomorphata","Acanthuridae","Acanthurus","Acanthurus nigricans x Acanthurus achilles",5859576,NA
"5","Acanthurus nigricans x Acanthurus japonicus","Acanthurus nigricans x Acanthurus japonicus","Eukaryota","Metazoa","Chordata","Actinopteri","Neopterygii","Acanthomorphata","Acanthuridae","Acanthurus","Acanthurus nigricans x Acanthurus japonicus",5859577,NA
"6","Acanthurus nigricans x Acanthurus leucosternon","Acanthurus nigricans x Acanthurus leucosternon","Eukaryota","Metazoa","Chordata","Actinopteri","Neopterygii","Acanthomorphata","Acanthuridae","Acanthurus","Acanthurus nigricans x Acanthurus leucosternon",4948800,NA
"7",NA,"Acapoeta tanganicae x Labeobarbus sp.","Eukaryota","Metazoa","Chordata","Actinopteri","Neopterygii","Cypriniformes","Cyprinidae",NA,"Acapoeta tanganicae x Labeobarbus sp.",7066462,NA
"8","Acipenser baerii x Acipenser schrenckii","Acipenser baerii x Acipenser schrenckii","Eukaryota","Metazoa","Chordata","Actinopteri","Chondrostei","Acipenseriformes","Acipenseridae","Acipenser","Acipenser baerii x Acipenser schrenckii",5541300,NA
"9","Acipenser baerii x Huso dauricus","Acipenser baerii x Huso dauricus","Eukaryota","Metazoa","Chordata","Actinopteri","Chondrostei","Acipenseriformes","Acipenseridae",NA,"Acipenser baerii x Huso dauricus",5521749,NA
"10","Acipenser dabryanus x Acipenser schrenckii","Acipenser dabryanus x Acipenser schrenckii","Eukaryota","Metazoa","Chordata","Actinopteri","Chondrostei","Acipenseriformes","Acipenseridae","Acipenser","Acipenser dabryanus x Acipenser schrenckii",7060901,NA
"11","Acipenser gueldenstaedtii x Acipenser baerii","Acipenser gueldenstaedtii x Acipenser baerii","Eukaryota","Metazoa","Chordata","Actinopteri","Chondrostei","Acipenseriformes","Acipenseridae","Acipenser","Acipenser gueldenstaedtii x Acipenser baerii",5541302,NA
"12","Acipenser gueldenstaedtii x Huso dauricus","Acipenser gueldenstaedtii x Huso dauricus","Eukaryota","Metazoa","Chordata","Actinopteri","Chondrostei","Acipenseriformes","Acipenseridae",NA,"Acipenser gueldenstaedtii x Huso dauricus",5521747,NA
"13","Acipenser ruthenus x Acipenser baerii","Acipenser ruthenus x Acipenser baerii","Eukaryota","Metazoa","Chordata","Actinopteri","Chondrostei","Acipenseriformes","Acipenseridae","Acipenser","Acipenser ruthenus x Acipenser baerii",7060902,NA
"14","Acipenser ruthenus x Huso dauricus","Acipenser ruthenus x Huso dauricus","Eukaryota","Metazoa","Chordata","Actinopteri","Chondrostei","Acipenseriformes","Acipenseridae",NA,"Acipenser ruthenus x Huso dauricus",5521746,NA
"15","Acipenser schrenckii x Acipenser baerii","Acipenser schrenckii x Acipenser baerii","Eukaryota","Metazoa","Chordata","Actinopteri","Chondrostei","Acipenseriformes","Acipenseridae","Acipenser","Acipenser schrenckii x Acipenser baerii",4949608,NA
"16","Acipenser schrenckii x Huso dauricus","Acipenser schrenckii x Huso dauricus","Eukaryota","Metazoa","Chordata","Actinopteri","Chondrostei","Acipenseriformes","Acipenseridae",NA,"Acipenser schrenckii x Huso dauricus",4949606,NA
"17","Acipenser sinensis x Acipenser schrenckii","Acipenser sinensis x Acipenser schrenckii","Eukaryota","Metazoa","Chordata","Actinopteri","Chondrostei","Acipenseriformes","Acipenseridae","Acipenser","Acipenser sinensis x Acipenser schrenckii",5541301,NA
"18","Acrossocheilus barbodon","Acrossocheilus barbodon","Eukaryota","Metazoa","Chordata","Actinopteri","Neopterygii","Cypriniformes","Cyprinidae","Acrossocheilus","Acrossocheilus barbodon",5223733,NA
"19","Acrossocheilus cinctus","Acrossocheilus cinctus","Eukaryota","Metazoa","Chordata","Actinopteri","Neopterygii","Cypriniformes","Cyprinidae","Acrossocheilus","Acrossocheilus cinctus",595820,NA
"20","Alburnoides smyrnae","Alburnoides smyrnae","Eukaryota","Metazoa","Chordata","Actinopteri","Neopterygii","Cypriniformes","Cyprinidae","Alburnoides","Alburnoides smyrnae",7653290,NA
"21","Alburnus belvica x Rutilus prespensis","Alburnus belvica x Rutilus prespensis","Eukaryota","Metazoa","Chordata","Actinopteri","Neopterygii","Cypriniformes","Cyprinidae",NA,"Alburnus belvica x Rutilus prespensis",5555057,NA
"22","Alosa alosa x Alosa fallax","Alosa alosa x Alosa fallax","Eukaryota","Metazoa","Chordata","Actinopteri","Neopterygii","Clupeiformes","Clupeidae","Alosa","Alosa alosa x Alosa fallax",4949222,NA
"23","Amphilophus istlanus","Amphilophus istlanus","Eukaryota","Metazoa","Chordata","Actinopteri","Neopterygii","Acanthomorphata","Cichlidae","Amphilophus","Amphilophus istlanus",580307,NA
"24","Amphilophus macracanthus","Amphilophus macracanthus","Eukaryota","Metazoa","Chordata","Actinopteri","Neopterygii","Acanthomorphata","Cichlidae","Amphilophus","Amphilophus macracanthus",734718,NA
"25","Amphiprion bicinctus x Amphiprion omanensis","Amphiprion bicinctus x Amphiprion omanensis","Eukaryota","Metazoa","Chordata","Actinopteri","Neopterygii","Acanthomorphata","Pomacentridae","Amphiprion","Amphiprion bicinctus x Amphiprion omanensis",5852340,NA
"26","Amphiprion chrysopterus x Amphiprion sandaracinos","Amphiprion chrysopterus x Amphiprion sandaracinos","Eukaryota","Metazoa","Chordata","Actinopteri","Neopterygii","Acanthomorphata","Pomacentridae","Amphiprion","Amphiprion chrysopterus x Amphiprion sandaracinos",7064008,NA
"27","Amphiprion ocellaris x Amphiprion percula","Amphiprion ocellaris x Amphiprion percula","Eukaryota","Metazoa","Chordata","Actinopteri","Neopterygii","Acanthomorphata","Pomacentridae","Amphiprion","Amphiprion ocellaris x Amphiprion percula",4948825,NA
"28","Anablepsoides compressus","Anablepsoides compressus","Eukaryota","Metazoa","Chordata","Actinopteri","Neopterygii","Acanthomorphata",NA,"Anablepsoides","Anablepsoides compressus",632449,NA
"29","Anguilla anguilla x Anguilla rostrata","Anguilla anguilla x Anguilla rostrata","Eukaryota","Metazoa","Chordata","Actinopteri","Neopterygii","Anguilliformes","Anguillidae","Anguilla","Anguilla anguilla x Anguilla rostrata",5810168,NA
"30","Aphanius hormuzensis","Aphanius hormuzensis","Eukaryota","Metazoa","Chordata","Actinopteri","Neopterygii","Acanthomorphata","Aphaniidae","Aphanius","Aphanius hormuzensis",7063237,NA
"31",NA,"Aphanius kruppi","Eukaryota","Metazoa","Chordata","Actinopteri","Neopterygii","Acanthomorphata","Aphaniidae","Aphanius","Aphanius kruppi",7063238,NA
"32","Aphanius richardsoni","Aphanius richardsoni","Eukaryota","Metazoa","Chordata","Actinopteri","Neopterygii","Acanthomorphata","Aphaniidae","Aphanius","Aphanius richardsoni",129408,NA
"33",NA,"Aphyosemion melineoides","Eukaryota","Metazoa","Chordata","Actinopteri","Neopterygii","Acanthomorphata","Nothobranchiidae","Aphyosemion","Aphyosemion melineoides",582369,NA
"34",NA,"Astroblepus sp.","Eukaryota","Metazoa","Chordata","Actinopteri","Neopterygii","Siluriformes","Astroblepidae","Astroblepus","Astroblepus sp.",6141678,NA
"35","Astyanax belizanus","Astyanax belizanus","Eukaryota","Metazoa","Chordata","Actinopteri","Neopterygii","Characiformes","Characidae","Astyanax","Astyanax belizanus",1014923,NA
"36",NA,"Astyanax gr.","Eukaryota","Metazoa","Chordata","Actinopteri","Neopterygii","Characiformes","Characidae","Astyanax","Astyanax gr.",5925071,NA
"37","Astyanax hubbsi","Astyanax hubbsi","Eukaryota","Metazoa","Chordata","Actinopteri","Neopterygii","Characiformes","Characidae","Astyanax","Astyanax hubbsi",501191,NA
"38","Astyanax intermedius","Astyanax intermedius","Eukaryota","Metazoa","Chordata","Actinopteri","Neopterygii","Characiformes","Characidae","Astyanax","Astyanax intermedius",341087,NA
"39","Atherinosoma elongata","Atherinosoma elongata","Eukaryota","Metazoa","Chordata","Actinopteri","Neopterygii","Acanthomorphata","Atherinidae","Atherinosoma","Atherinosoma elongata",636291,NA
"40","Aurigequula longispina","Aurigequula longispina","Eukaryota","Metazoa","Chordata","Actinopteri","Neopterygii","Acanthomorphata","Leiognathidae","Aurigequula","Aurigequula longispina",885825,NA
"41","Azygopus flemingi","Azygopus flemingi","Eukaryota","Metazoa","Chordata","Actinopteri","Neopterygii","Acanthomorphata","Rhombosoleidae","Azygopus","Azygopus flemingi",3640265,NA
"42","Baldwinella eos","Baldwinella eos","Eukaryota","Metazoa","Chordata","Actinopteri","Neopterygii","Acanthomorphata","Serranidae","Baldwinella","Baldwinella eos",3633909,NA
"43","Balroglanis carolae","Balroglanis carolae","Eukaryota","Metazoa","Chordata","Actinopteri","Neopterygii","Siluriformes","Auchenipteridae","Balroglanis","Balroglanis carolae",6141847,NA
"44","Balroglanis macracanthus","Balroglanis macracanthus","Eukaryota","Metazoa","Chordata","Actinopteri","Neopterygii","Siluriformes","Auchenipteridae","Balroglanis","Balroglanis macracanthus",3623491,NA
"45","Balroglanis schultzi","Balroglanis schultzi","Eukaryota","Metazoa","Chordata","Actinopteri","Neopterygii","Siluriformes","Auchenipteridae","Centromochlus","Balroglanis schultzi",3623489,NA
"46","Barbus plebejus x Barbus caninus","Barbus plebejus x Barbus caninus","Eukaryota","Metazoa","Chordata","Actinopteri","Neopterygii","Cypriniformes","Cyprinidae","Barbus","Barbus plebejus x Barbus caninus",5838890,NA
"47","Bengana rendahli","Bengana rendahli","Eukaryota","Metazoa","Chordata","Actinopteri","Neopterygii","Cypriniformes","Cyprinidae","Bangana","Bengana rendahli",885083,NA
"48","Blythia hmuifang","Blythia hmuifang","Eukaryota","Metazoa","Chordata","Actinopteri","Neopterygii","Acanthomorphata","Sciaenidae","Johnius","Blythia hmuifang",7650551,NA
"49","Blythia reticulata","Blythia reticulata","Eukaryota","Metazoa","Chordata","Actinopteri","Neopterygii","Acanthomorphata","Sciaenidae","Johnius","Blythia reticulata",4122235,NA
"50","Brachyalestes taeniurus","Brachyalestes taeniurus","Eukaryota","Metazoa","Chordata","Actinopteri","Neopterygii","Characiformes","Alestidae","Brachyalestes","Brachyalestes taeniurus",107526,NA
"51","Brephamia parvula","Brephamia parvula","Eukaryota","Metazoa","Chordata","Actinopteri","Neopterygii","Acanthomorphata","Apogonidae","Brephamia","Brephamia parvula",3634885,NA
"52","Capoeta antalyensis x Capoeta caelestis","Capoeta antalyensis x Capoeta caelestis","Eukaryota","Metazoa","Chordata","Actinopteri","Neopterygii","Cypriniformes","Cyprinidae","Capoeta","Capoeta antalyensis x Capoeta caelestis",5555081,NA
"53","Capoeta damascina x Luciobarbus longiceps","Capoeta damascina x Luciobarbus longiceps","Eukaryota","Metazoa","Chordata","Actinopteri","Neopterygii","Cypriniformes","Cyprinidae",NA,"Capoeta damascina x Luciobarbus longiceps",5555058,NA
"54","Capoeta erhani x Capoeta angorae","Capoeta erhani x Capoeta angorae","Eukaryota","Metazoa","Chordata","Actinopteri","Neopterygii","Cypriniformes","Cyprinidae","Capoeta","Capoeta erhani x Capoeta angorae",5555079,NA
"55","Caranx ignobilis x Caranx melampygus","Caranx ignobilis x Caranx melampygus","Eukaryota","Metazoa","Chordata","Actinopteri","Neopterygii","Acanthomorphata","Carangidae","Caranx","Caranx ignobilis x Caranx melampygus",4948967,NA
"56","Caranx melampygus x Caranx sexfasciatus","Caranx melampygus x Caranx sexfasciatus","Eukaryota","Metazoa","Chordata","Actinopteri","Neopterygii","Acanthomorphata","Carangidae","Caranx","Caranx melampygus x Caranx sexfasciatus",4948966,NA
"57","Carapus kagoshimanus","Carapus kagoshimanus","Eukaryota","Metazoa","Chordata","Actinopteri","Neopterygii","Acanthomorphata","Carapidae","Carapus","Carapus kagoshimanus",7063034,NA
"58",NA,"Carassius auratus x 2 Megalobrama amblycephala","Eukaryota","Metazoa","Chordata","Actinopteri","Neopterygii","Cypriniformes","Cyprinidae",NA,"Carassius auratus x 2 Megalobrama amblycephala",4949325,NA
"59","Carassius auratus x Cyprinus carpio x Carassius cuvieri","Carassius auratus x Cyprinus carpio x Carassius cuvieri","Eukaryota","Metazoa","Chordata","Actinopteri","Neopterygii","Cypriniformes","Cyprinidae",NA,"Carassius auratus x Cyprinus carpio x Carassius cuvieri",4949305,NA
"60","Carassius auratus x Cyprinus carpio","Carassius auratus x Cyprinus carpio","Eukaryota","Metazoa","Chordata","Actinopteri","Neopterygii","Cypriniformes","Cyprinidae",NA,"Carassius auratus x Cyprinus carpio",4949339,NA
"61","Carassius auratus x Megalobrama amblycephala pentaploid hybrid","Carassius auratus x Megalobrama amblycephala pentaploid hybrid","Eukaryota","Metazoa","Chordata","Actinopteri","Neopterygii","Cypriniformes","Cyprinidae",NA,"Carassius auratus x Megalobrama amblycephala pentaploid hybrid",4949318,NA
"62","Carassius auratus x Megalobrama amblycephala tetraploid hybrid","Carassius auratus x Megalobrama amblycephala tetraploid hybrid","Eukaryota","Metazoa","Chordata","Actinopteri","Neopterygii","Cypriniformes","Cyprinidae",NA,"Carassius auratus x Megalobrama amblycephala tetraploid hybrid",4949317,NA
"63","Carassius auratus x Megalobrama amblycephala triploid hybrid","Carassius auratus x Megalobrama amblycephala triploid hybrid","Eukaryota","Metazoa","Chordata","Actinopteri","Neopterygii","Cypriniformes","Cyprinidae",NA,"Carassius auratus x Megalobrama amblycephala triploid hybrid",4949316,NA
"64","Carassius auratus x Megalobrama amblycephala x Carassius cuvieri","Carassius auratus x Megalobrama amblycephala x Carassius cuvieri","Eukaryota","Metazoa","Chordata","Actinopteri","Neopterygii","Cypriniformes","Cyprinidae","Carassius","Carassius auratus x Megalobrama amblycephala x Carassius cuvieri",7066449,NA
"65","Carassius auratus x Megalobrama amblycephala","Carassius auratus x Megalobrama amblycephala","Eukaryota","Metazoa","Chordata","Actinopteri","Neopterygii","Cypriniformes","Cyprinidae",NA,"Carassius auratus x Megalobrama amblycephala",4949324,NA
"66","Catostomus ardens x Chasmistes muriei","Catostomus ardens x Chasmistes muriei","Eukaryota","Metazoa","Chordata","Actinopteri","Neopterygii","Cypriniformes","Catostomidae",NA,"Catostomus ardens x Chasmistes muriei",7066146,NA
"67","Catostomus jordani","Catostomus jordani","Eukaryota","Metazoa","Chordata","Actinopteri","Neopterygii","Cypriniformes","Catostomidae","Catostomus","Catostomus jordani",5555142,NA
"68","Catostomus lahontan","Catostomus lahontan","Eukaryota","Metazoa","Chordata","Actinopteri","Neopterygii","Cypriniformes","Catostomidae","Catostomus","Catostomus lahontan",5555143,NA
"69","Catostomus virescens","Catostomus virescens","Eukaryota","Metazoa","Chordata","Actinopteri","Neopterygii","Cypriniformes","Catostomidae","Catostomus","Catostomus virescens",5555144,NA
"70","Cephalopholis nigripinnis x Cephalopholis urodeta","Cephalopholis nigripinnis x Cephalopholis urodeta","Eukaryota","Metazoa","Chordata","Actinopteri","Neopterygii","Acanthomorphata","Serranidae","Cephalopholis","Cephalopholis nigripinnis x Cephalopholis urodeta",6140520,NA
"71","Chaetodon collare x Chaetodon lunula","Chaetodon collare x Chaetodon lunula","Eukaryota","Metazoa","Chordata","Actinopteri","Neopterygii","Acanthomorphata","Chaetodontidae","Chaetodon","Chaetodon collare x Chaetodon lunula",5856758,NA
"72","Chaetodon gardineri x Chaetodon leucopleura","Chaetodon gardineri x Chaetodon leucopleura","Eukaryota","Metazoa","Chordata","Actinopteri","Neopterygii","Acanthomorphata","Chaetodontidae","Chaetodon","Chaetodon gardineri x Chaetodon leucopleura",5856759,NA
"73","Chaetodon guttatissimus x Chaetodon punctatofasciatus","Chaetodon guttatissimus x Chaetodon punctatofasciatus","Eukaryota","Metazoa","Chordata","Actinopteri","Neopterygii","Acanthomorphata","Chaetodontidae","Chaetodon","Chaetodon guttatissimus x Chaetodon punctatofasciatus",5341609,NA
"74","Chaetodon melapterus x Chaetodon trifasciatus","Chaetodon melapterus x Chaetodon trifasciatus","Eukaryota","Metazoa","Chordata","Actinopteri","Neopterygii","Acanthomorphata","Chaetodontidae","Chaetodon","Chaetodon melapterus x Chaetodon trifasciatus",5856760,NA
"75","Chaetodon trifasciatus x Chaetodon lunulatus","Chaetodon trifasciatus x Chaetodon lunulatus","Eukaryota","Metazoa","Chordata","Actinopteri","Neopterygii","Acanthomorphata","Chaetodontidae","Chaetodon","Chaetodon trifasciatus x Chaetodon lunulatus",4949006,NA
"76","Channa argus x Channa maculata","Channa argus x Channa maculata","Eukaryota","Metazoa","Chordata","Actinopteri","Neopterygii","Acanthomorphata","Channidae","Channa","Channa argus x Channa maculata",4949093,NA
"77","Channa aurolineata","Channa aurolineata","Eukaryota","Metazoa","Chordata","Actinopteri","Neopterygii","Acanthomorphata","Channidae","Channa","Channa aurolineata",7061218,NA
"78",NA,"Channa diplogramme","Eukaryota","Metazoa","Chordata","Actinopteri","Neopterygii","Acanthomorphata","Channidae","Channa","Channa diplogramme",1060437,NA
"79","Channa limbata","Channa limbata","Eukaryota","Metazoa","Chordata","Actinopteri","Neopterygii","Acanthomorphata","Channidae","Channa","Channa limbata",6140236,NA
"80","Cheimarrichthys fosteri","Cheimarrichthys fosteri","Eukaryota","Metazoa","Chordata","Actinopteri","Neopterygii","Acanthomorphata","Cheimarrichthyidae","Cheimarrichthys","Cheimarrichthys fosteri",685721,NA
"81","Chelonodontops bengalensis","Chelonodontops bengalensis","Eukaryota","Metazoa","Chordata","Actinopteri","Neopterygii","Acanthomorphata","Tetraodontidae","Chelonodontops","Chelonodontops bengalensis",7062436,NA
"82","Chelonodontops pleurospilus","Chelonodontops pleurospilus","Eukaryota","Metazoa","Chordata","Actinopteri","Neopterygii","Acanthomorphata","Tetraodontidae","Chelonodontops","Chelonodontops pleurospilus",479641,NA
"83","Chilomycterus schoepfii x Chilomycterus antillarum","Chilomycterus schoepfii x Chilomycterus antillarum","Eukaryota","Metazoa","Chordata","Actinopteri","Neopterygii","Acanthomorphata","Diodontidae","Chilomycterus","Chilomycterus schoepfii x Chilomycterus antillarum",5859638,NA
"84","Chondrostoma ceyhanensis","Chondrostoma ceyhanensis","Eukaryota","Metazoa","Chordata","Actinopteri","Neopterygii","Cypriniformes","Cyprinidae","Chondrostoma","Chondrostoma ceyhanensis",7653327,NA
"85","Chondrostoma ohridanus","Chondrostoma ohridanus","Eukaryota","Metazoa","Chordata","Actinopteri","Neopterygii","Cypriniformes","Cyprinidae","Chondrostoma","Chondrostoma ohridanus",5555119,NA
"86",NA,"Chriolepis semisquamatum","Eukaryota","Metazoa","Chordata","Actinopteri","Neopterygii","Acanthomorphata","Gobiidae","Chriolepis","Chriolepis semisquamatum",3637562,NA
"87","Chromis fieldi x Chromis margaritifer","Chromis fieldi x Chromis margaritifer","Eukaryota","Metazoa","Chordata","Actinopteri","Neopterygii","Acanthomorphata","Pomacentridae","Chromis","Chromis fieldi x Chromis margaritifer",7064012,NA
"88","Chrosomus eos x Chrosomus neogaeus","Chrosomus eos x Chrosomus neogaeus","Eukaryota","Metazoa","Chordata","Actinopteri","Neopterygii","Cypriniformes","Cyprinidae","Chrosomus","Chrosomus eos x Chrosomus neogaeus",4949340,NA
"89","Chrysichthys congicus","Chrysichthys congicus","Eukaryota","Metazoa","Chordata","Actinopteri","Neopterygii","Siluriformes","Claroteidae","Chrysichthys","Chrysichthys congicus",3624334,NA
"90",NA,"Cichlasoma portalagrense","Eukaryota","Metazoa","Chordata","Actinopteri","Neopterygii","Acanthomorphata","Cichlidae","Cichlasoma","Cichlasoma portalagrense",221908,NA
"91","Cirrhinus mrigala x Labeo rohita","Cirrhinus mrigala x Labeo rohita","Eukaryota","Metazoa","Chordata","Actinopteri","Neopterygii","Cypriniformes","Cyprinidae",NA,"Cirrhinus mrigala x Labeo rohita",5839037,NA
"92","Cirrhitichthys calliurus x Cirrhitichthys oxycephalus","Cirrhitichthys calliurus x Cirrhitichthys oxycephalus","Eukaryota","Metazoa","Chordata","Actinopteri","Neopterygii","Acanthomorphata","Cirrhitidae","Cirrhitichthys","Cirrhitichthys calliurus x Cirrhitichthys oxycephalus",5859545,NA
"93","Clarias gariepinus x Clarias batrachus","Clarias gariepinus x Clarias batrachus","Eukaryota","Metazoa","Chordata","Actinopteri","Neopterygii","Siluriformes","Clariidae","Clarias","Clarias gariepinus x Clarias batrachus",5925291,NA
"94","Cobitis elongatoides x Cobitis taenia","Cobitis elongatoides x Cobitis taenia","Eukaryota","Metazoa","Chordata","Actinopteri","Neopterygii","Cypriniformes","Cobitidae","Cobitis","Cobitis elongatoides x Cobitis taenia",4949364,NA
"95","Cobitis elongatoides x Cobitis tanaitica x Cobitis strumicae","Cobitis elongatoides x Cobitis tanaitica x Cobitis strumicae","Eukaryota","Metazoa","Chordata","Actinopteri","Neopterygii","Cypriniformes","Cobitidae","Cobitis","Cobitis elongatoides x Cobitis tanaitica x Cobitis strumicae",4949363,NA
"96","Cobitis elongatoides x Cobitis tanaitica","Cobitis elongatoides x Cobitis tanaitica","Eukaryota","Metazoa","Chordata","Actinopteri","Neopterygii","Cypriniformes","Cobitidae","Cobitis","Cobitis elongatoides x Cobitis tanaitica",4949365,NA
"97","Cobitis longibarba","Cobitis longibarba","Eukaryota","Metazoa","Chordata","Actinopteri","Neopterygii","Cypriniformes","Cobitidae","Cobitis","Cobitis longibarba",7066163,NA
"98","Cobitis lutheri x Cobitis tetralineata","Cobitis lutheri x Cobitis tetralineata","Eukaryota","Metazoa","Chordata","Actinopteri","Neopterygii","Cypriniformes","Cobitidae","Cobitis","Cobitis lutheri x Cobitis tetralineata",5845821,NA
"99","Cobitis matsubarai","Cobitis matsubarai","Eukaryota","Metazoa","Chordata","Actinopteri","Neopterygii","Cypriniformes","Cobitidae","Cobitis","Cobitis matsubarai",117087,NA
"100","Cobitis numidiensis","Cobitis numidiensis","Eukaryota","Metazoa","Chordata","Actinopteri","Neopterygii","Cypriniformes","Cobitidae","Cobitis","Cobitis numidiensis",7066165,NA
"101",NA,"Coilia ramcarti","Eukaryota","Metazoa","Chordata","Actinopteri","Neopterygii","Clupeiformes","Engraulidae","Coilia","Coilia ramcarti",3628572,NA
"102","Cololabis adocetus","Cololabis adocetus","Eukaryota","Metazoa","Chordata","Actinopteri","Neopterygii","Acanthomorphata","Belonidae","Cololabis","Cololabis adocetus",496662,NA
"103",NA,"Comephorus baicalensis","Eukaryota","Metazoa","Chordata","Actinopteri","Neopterygii","Acanthomorphata","Cottidae","Comephorus","Comephorus baicalensis",1019835,NA
"104",NA,"Congolapia louna x Coptodon sp.","Eukaryota","Metazoa","Chordata","Actinopteri","Neopterygii","Acanthomorphata","Cichlidae",NA,"Congolapia louna x Coptodon sp.",4948874,NA
"105","Congriscus megastomus","Congriscus megastomus","Eukaryota","Metazoa","Chordata","Actinopteri","Neopterygii","Anguilliformes","Congridae","Congriscus","Congriscus megastomus",182991,NA
"106","Coptodon congicus","Coptodon congicus","Eukaryota","Metazoa","Chordata","Actinopteri","Neopterygii","Acanthomorphata","Cichlidae","Coptodon","Coptodon congicus",7063501,NA
"107","Craterocephalus stercusmuscarum x Craterocephalus stramineus","Craterocephalus stercusmuscarum x Craterocephalus stramineus","Eukaryota","Metazoa","Chordata","Actinopteri","Neopterygii","Acanthomorphata","Atherinidae","Craterocephalus","Craterocephalus stercusmuscarum x Craterocephalus stramineus",4948781,NA
"108","Cromileptes altivelis x Epinephelus lanceolatus","Cromileptes altivelis x Epinephelus lanceolatus","Eukaryota","Metazoa","Chordata","Actinopteri","Neopterygii","Acanthomorphata","Serranidae",NA,"Cromileptes altivelis x Epinephelus lanceolatus",7062251,NA
"109","Crossocheilus siamensis","Crossocheilus siamensis","Eukaryota","Metazoa","Chordata","Actinopteri","Neopterygii","Cypriniformes","Cyprinidae","Crossocheilus","Crossocheilus siamensis",161332,NA
"110","Ctenopharyngodon idella x Megalobrama amblycephala","Ctenopharyngodon idella x Megalobrama amblycephala","Eukaryota","Metazoa","Chordata","Actinopteri","Neopterygii","Cypriniformes","Cyprinidae",NA,"Ctenopharyngodon idella x Megalobrama amblycephala",4949300,NA
"111","Ctenopharyngodon idella x Squaliobarbus curriculus","Ctenopharyngodon idella x Squaliobarbus curriculus","Eukaryota","Metazoa","Chordata","Actinopteri","Neopterygii","Cypriniformes","Cyprinidae",NA,"Ctenopharyngodon idella x Squaliobarbus curriculus",4949307,NA
"112","Ctenopharyngodon idellus x Elopichthys bambusa","Ctenopharyngodon idellus x Elopichthys bambusa","Eukaryota","Metazoa","Chordata","Actinopteri","Neopterygii","Cypriniformes","Cyprinidae",NA,"Ctenopharyngodon idellus x Elopichthys bambusa",5839039,NA
"113","Culter alburnus x Ancherythroculter nigrocauda","Culter alburnus x Ancherythroculter nigrocauda","Eukaryota","Metazoa","Chordata","Actinopteri","Neopterygii","Cypriniformes","Cyprinidae",NA,"Culter alburnus x Ancherythroculter nigrocauda",5839042,NA
"114",NA,"Anematichthys apogon","Eukaryota","Metazoa","Chordata","Actinopteri","Neopterygii","Cypriniformes","Cyprinidae","Anematichthys","Anematichthys apogon",328162,NA
"115",NA,"Anematichthys armatus","Eukaryota","Metazoa","Chordata","Actinopteri","Neopterygii","Cypriniformes","Cyprinidae","Anematichthys","Anematichthys armatus",789513,NA
"116","Cynoglossus elongatus","Cynoglossus elongatus","Eukaryota","Metazoa","Chordata","Actinopteri","Neopterygii","Acanthomorphata","Cynoglossidae","Cynoglossus","Cynoglossus elongatus",5223676,NA
"117","Cyprinella caerulea x Cyprinella trichroistia","Cyprinella caerulea x Cyprinella trichroistia","Eukaryota","Metazoa","Chordata","Actinopteri","Neopterygii","Cypriniformes","Cyprinidae","Cyprinella","Cyprinella caerulea x Cyprinella trichroistia",4949255,NA
"118","Cyprinus carpio haematopterus x Megalobrama amblycephala","Cyprinus carpio haematopterus x Megalobrama amblycephala","Eukaryota","Metazoa","Chordata","Actinopteri","Neopterygii","Cypriniformes","Cyprinidae",NA,"Cyprinus carpio haematopterus x Megalobrama amblycephala",7066464,NA
"119","Cyprinus carpio specularis x Carassius cuvieri","Cyprinus carpio specularis x Carassius cuvieri","Eukaryota","Metazoa","Chordata","Actinopteri","Neopterygii","Cypriniformes","Cyprinidae",NA,"Cyprinus carpio specularis x Carassius cuvieri",5839036,NA
"120","Cyprinus carpio wuyuanensis x Carassius auratus","Cyprinus carpio wuyuanensis x Carassius auratus","Eukaryota","Metazoa","Chordata","Actinopteri","Neopterygii","Cypriniformes","Cyprinidae",NA,"Cyprinus carpio wuyuanensis x Carassius auratus",4949304,NA
"121","Cyprinus carpio x Megalobrama amblycephala","Cyprinus carpio x Megalobrama amblycephala","Eukaryota","Metazoa","Chordata","Actinopteri","Neopterygii","Cypriniformes","Cyprinidae",NA,NA,NA,NA
"122","Cyprinus carpio x Procypris rabaudi","Cyprinus carpio x Procypris rabaudi","Eukaryota","Metazoa","Chordata","Actinopteri","Neopterygii","Cypriniformes","Cyprinidae",NA,"Cyprinus carpio x Procypris rabaudi",4949330,NA
"123","Cyprinus multitaeniata","Cyprinus multitaeniata","Eukaryota","Metazoa","Chordata","Actinopteri","Neopterygii","Cypriniformes","Cyprinidae","Cyprinus","Cyprinus multitaeniata",310585,NA
"124","Dascyllus aruanus x Dascyllus reticulatus","Dascyllus aruanus x Dascyllus reticulatus","Eukaryota","Metazoa","Chordata","Actinopteri","Neopterygii","Acanthomorphata","Pomacentridae","Dascyllus","Dascyllus aruanus x Dascyllus reticulatus",7064020,NA
"125","Dascyllus carneus x Dascyllus marginatus","Dascyllus carneus x Dascyllus marginatus","Eukaryota","Metazoa","Chordata","Actinopteri","Neopterygii","Acanthomorphata","Pomacentridae","Dascyllus","Dascyllus carneus x Dascyllus marginatus",5852343,NA
"126","Dawkinsia rubrotinctus","Dawkinsia rubrotinctus","Eukaryota","Metazoa","Chordata","Actinopteri","Neopterygii","Cypriniformes","Cyprinidae","Dawkinsia","Dawkinsia rubrotinctus",5555076,NA
"127","Devario anomalus x Devario aequipinnatus","Devario anomalus x Devario aequipinnatus","Eukaryota","Metazoa","Chordata","Actinopteri","Neopterygii","Cypriniformes","Cyprinidae","Devario","Devario anomalus x Devario aequipinnatus",7066488,NA
"128","Duringlanis perugiae","Duringlanis perugiae","Eukaryota","Metazoa","Chordata","Actinopteri","Neopterygii","Siluriformes","Auchenipteridae","Duringlanis","Duringlanis perugiae",619744,NA
"129","Echeneis naucratoides","Echeneis naucratoides","Eukaryota","Metazoa","Chordata","Actinopteri","Neopterygii","Acanthomorphata","Echeneidae","Echeneis","Echeneis naucratoides",5223656,NA
"130","Ecsenius anomalus","Ecsenius anomalus","Eukaryota","Metazoa","Chordata","Actinopteri","Neopterygii","Acanthomorphata","Blenniidae","Ecsenius","Ecsenius anomalus",5561087,NA
"131","Eleutherochir mccaddeni","Eleutherochir mccaddeni","Eukaryota","Metazoa","Chordata","Actinopteri","Neopterygii","Acanthomorphata","Callionymidae","Eleutherochir","Eleutherochir mccaddeni",7064129,NA
"132","Enantiopus melanogenys","Enantiopus melanogenys","Eukaryota","Metazoa","Chordata","Actinopteri","Neopterygii","Acanthomorphata","Cichlidae","Xenotilapia","Enantiopus melanogenys",7063515,NA
"133","Engyprosopon maldivense","Engyprosopon maldivense","Eukaryota","Metazoa","Chordata","Actinopteri","Neopterygii","Acanthomorphata","Bothidae","Engyprosopon","Engyprosopon maldivense",7649912,NA
"134","Enteromius matthesi","Enteromius matthesi","Eukaryota","Metazoa","Chordata","Actinopteri","Neopterygii","Cypriniformes","Cyprinidae","Enteromius","Enteromius matthesi",125133,NA
"135",NA,"Lampetra tridentata","Eukaryota","Metazoa","Chordata",NA,NA,"Petromyzontiformes","Petromyzontidae","Lampetra","Lampetra tridentata",243579,NA
"136","Epinephelus akaara x Epinephelus lanceolatus","Epinephelus akaara x Epinephelus lanceolatus","Eukaryota","Metazoa","Chordata","Actinopteri","Neopterygii","Acanthomorphata","Serranidae","Epinephelus","Epinephelus akaara x Epinephelus lanceolatus",7062252,NA
"137","Epinephelus akaara x Epinephelus moara","Epinephelus akaara x Epinephelus moara","Eukaryota","Metazoa","Chordata","Actinopteri","Neopterygii","Acanthomorphata","Serranidae","Epinephelus","Epinephelus akaara x Epinephelus moara",7062253,NA
"138","Epinephelus moara x Epinephelus tukula","Epinephelus moara x Epinephelus tukula","Eukaryota","Metazoa","Chordata","Actinopteri","Neopterygii","Acanthomorphata","Serranidae","Epinephelus","Epinephelus moara x Epinephelus tukula",7062263,NA
"139","Epinephelus coioides x Epinephelus akaara","Epinephelus coioides x Epinephelus akaara","Eukaryota","Metazoa","Chordata","Actinopteri","Neopterygii","Acanthomorphata","Serranidae","Epinephelus","Epinephelus coioides",457795,NA
"140","Epinephelus coioides x Epinephelus lanceolatus","Epinephelus coioides x Epinephelus lanceolatus","Eukaryota","Metazoa","Chordata","Actinopteri","Neopterygii","Acanthomorphata","Serranidae","Epinephelus","Epinephelus coioides x Epinephelus lanceolatus",4949048,NA
"141","Epinephelus coioides x Epinephelus malabaricus","Epinephelus coioides x Epinephelus malabaricus","Eukaryota","Metazoa","Chordata","Actinopteri","Neopterygii","Acanthomorphata","Serranidae","Epinephelus","Epinephelus coioides x Epinephelus malabaricus",4949046,NA
"142","Epinephelus coriallicola x Epinephelus fuscoguttatus","Epinephelus coriallicola x Epinephelus fuscoguttatus","Eukaryota","Metazoa","Chordata","Actinopteri","Neopterygii","Acanthomorphata","Serranidae","Epinephelus","Epinephelus coriallicola x Epinephelus fuscoguttatus",7062256,NA
"143","Epinephelus coriallicola","Epinephelus coriallicola","Eukaryota","Metazoa","Chordata","Actinopteri","Neopterygii","Acanthomorphata","Serranidae","Epinephelus","Epinephelus coriallicola",7062255,NA
"144","Epinephelus fuscoguttatus x Epinephelus lanceolatus","Epinephelus fuscoguttatus x Epinephelus lanceolatus","Eukaryota","Metazoa","Chordata","Actinopteri","Neopterygii","Acanthomorphata","Serranidae","Epinephelus","Epinephelus fuscoguttatus x Epinephelus lanceolatus",4949045,NA
"145","Epinephelus fuscoguttatus x Epinephelus polyphekadion","Epinephelus fuscoguttatus x Epinephelus polyphekadion","Eukaryota","Metazoa","Chordata","Actinopteri","Neopterygii","Acanthomorphata","Serranidae","Epinephelus","Epinephelus fuscoguttatus x Epinephelus polyphekadion",7062258,NA
"146","Epinephelus fuscoguttatus x Epinephelus tukula","Epinephelus fuscoguttatus x Epinephelus tukula","Eukaryota","Metazoa","Chordata","Actinopteri","Neopterygii","Acanthomorphata","Serranidae","Epinephelus","Epinephelus fuscoguttatus x Epinephelus tukula",7062259,NA
"147","Epinephelus malabaricus x Epinephelus coioides","Epinephelus malabaricus x Epinephelus coioides","Eukaryota","Metazoa","Chordata","Actinopteri","Neopterygii","Acanthomorphata","Serranidae","Epinephelus","Epinephelus malabaricus x Epinephelus coioides",7062262,NA
"148","Epinephelus moara x Epinephelus lanceolatus","Epinephelus moara x Epinephelus lanceolatus","Eukaryota","Metazoa","Chordata","Actinopteri","Neopterygii","Acanthomorphata","Serranidae","Epinephelus","Epinephelus moara x Epinephelus lanceolatus",5924649,NA
"149","Epinephelus moara x Hyporthodus septemfasciatus","Epinephelus moara x Hyporthodus septemfasciatus","Eukaryota","Metazoa","Chordata","Actinopteri","Neopterygii","Acanthomorphata","Serranidae",NA,"Epinephelus moara x Hyporthodus septemfasciatus",5924651,NA
"150","Esox masquinongy x Esox lucius","Esox masquinongy x Esox lucius","Eukaryota","Metazoa","Chordata","Actinopteri","Neopterygii","Esociformes","Esocidae","Esox","Esox masquinongy x Esox lucius",4949211,NA
"151","Etrumeus golani","Etrumeus golani","Eukaryota","Metazoa","Chordata","Actinopteri","Neopterygii","Clupeiformes","Dussumieriidae","Etrumeus","Etrumeus golani",5223686,NA
"152","Eusphyra laticeps","Eusphyra laticeps","Eukaryota","Metazoa","Chordata","Chondrichthyes","Elasmobranchii","Carcharhiniformes","Sphyrnidae","Eusphyra","Eusphyra laticeps",7060807,NA
"153","Facciolella oxyrhyncha","Facciolella oxyrhyncha","Eukaryota","Metazoa","Chordata","Actinopteri","Neopterygii","Anguilliformes","Nettastomatidae","Facciolella","Facciolella oxyrhyncha",950729,NA
"154","Ferrarissoaresia meridionalis","Ferrarissoaresia meridionalis","Eukaryota","Metazoa","Chordata","Actinopteri","Neopterygii","Siluriformes","Auchenipteridae","Ferrarissoaresia","Ferrarissoaresia meridionalis",6141844,NA
"155","Fundulus heteroclitus x Fundulus diaphanus","Fundulus heteroclitus x Fundulus diaphanus","Eukaryota","Metazoa","Chordata","Actinopteri","Neopterygii","Acanthomorphata","Fundulidae","Fundulus","Fundulus heteroclitus x Fundulus diaphanus",4948768,NA
"156","Garra gymnothorax","Garra gymnothorax","Eukaryota","Metazoa","Chordata","Actinopteri","Neopterygii","Cypriniformes","Cyprinidae","Garra","Garra gymnothorax",5839001,NA
"157","Garra joshuai","Garra joshuai","Eukaryota","Metazoa","Chordata","Actinopteri","Neopterygii","Cypriniformes","Cyprinidae","Garra","Garra joshuai",7653367,NA
"158","Garra longchuanensis","Garra longchuanensis","Eukaryota","Metazoa","Chordata","Actinopteri","Neopterygii","Cypriniformes","Cyprinidae","Garra","Garra longchuanensis",6142110,NA
"159","Garra sauvagei","Garra sauvagei","Eukaryota","Metazoa","Chordata","Actinopteri","Neopterygii","Cypriniformes","Cyprinidae","Garra","Garra sauvagei",5554987,NA
"160","Garra sindhi","Garra sindhi","Eukaryota","Metazoa","Chordata","Actinopteri","Neopterygii","Cypriniformes","Cyprinidae","Garra","Garra sindhi",6142119,NA
"161","Gephyromochlus leopardus","Gephyromochlus leopardus","Eukaryota","Metazoa","Chordata","Actinopteri","Neopterygii","Siluriformes","Auchenipteridae","Gephyromochlus","Gephyromochlus leopardus",3623499,NA
"162","Glaucostegus formosensis","Glaucostegus formosensis","Eukaryota","Metazoa","Chordata","Chondrichthyes","Elasmobranchii","Pristiformes/Rhiniformes group","Rhinobatidae","Glaucostegus","Glaucostegus formosensis",444666,NA
"163","Glyptocephalus kitaharae","Glyptocephalus kitaharae","Eukaryota","Metazoa","Chordata","Actinopteri","Neopterygii","Acanthomorphata","Pleuronectidae","Glyptocephalus","Glyptocephalus kitaharae",914521,NA
"164",NA,"Glyptothorax pallozonum","Eukaryota","Metazoa","Chordata","Actinopteri","Neopterygii","Siluriformes","Sisoridae","Glyptothorax","Glyptothorax pallozonum",558494,NA
"165","Glyptothorax plicolabris","Glyptothorax plicolabris","Eukaryota","Metazoa","Chordata","Actinopteri","Neopterygii","Siluriformes","Sisoridae","Glyptothorax","Glyptothorax plicolabris",558500,NA
"166","Glyptothorax robustus","Glyptothorax robustus","Eukaryota","Metazoa","Chordata","Actinopteri","Neopterygii","Siluriformes","Sisoridae","Glyptothorax","Glyptothorax robustus",558496,NA
"167","Gnatholebias zonatus","Gnatholebias zonatus","Eukaryota","Metazoa","Chordata","Actinopteri","Neopterygii","Acanthomorphata",NA,"Gnatholebias","Gnatholebias zonatus",1018493,NA
"168","Gnathopogon caerulescens x Gnathopogon elongatus","Gnathopogon caerulescens x Gnathopogon elongatus","Eukaryota","Metazoa","Chordata","Actinopteri","Neopterygii","Cypriniformes","Cyprinidae","Gnathopogon","Gnathopogon caerulescens x Gnathopogon elongatus",4949237,NA
"169","Gobio balcanicus","Gobio balcanicus","Eukaryota","Metazoa","Chordata","Actinopteri","Neopterygii","Cypriniformes","Cyprinidae","Gobio","Gobio balcanicus",615495,NA
"170","Gobio nigrescens","Gobio nigrescens","Eukaryota","Metazoa","Chordata","Actinopteri","Neopterygii","Cypriniformes","Cyprinidae","Gobio","Gobio nigrescens",5925450,NA
"171","Gymnocranius elogatus","Gymnocranius elogatus","Eukaryota","Metazoa","Chordata","Actinopteri","Neopterygii","Acanthomorphata","Lethrinidae","Gymnocranius","Gymnocranius elogatus",7062372,NA
"172","Hemibagrus capitulum","Hemibagrus capitulum","Eukaryota","Metazoa","Chordata","Actinopteri","Neopterygii","Siluriformes","Bagridae","Hemibagrus","Hemibagrus capitulum",5839253,NA
"173","Hemigrammocharax multifasciatus","Hemigrammocharax multifasciatus","Eukaryota","Metazoa","Chordata","Actinopteri","Neopterygii","Characiformes",NA,"Hemigrammocharax","Hemigrammocharax multifasciatus",384859,NA
"174","Hemigrammocharax ocellicauda","Hemigrammocharax ocellicauda","Eukaryota","Metazoa","Chordata","Actinopteri","Neopterygii","Characiformes",NA,"Hemigrammocharax","Hemigrammocharax ocellicauda",226946,NA
"175","Hemigrammocharax uniocellatus","Hemigrammocharax uniocellatus","Eukaryota","Metazoa","Chordata","Actinopteri","Neopterygii","Characiformes",NA,"Hemigrammocharax","Hemigrammocharax uniocellatus",226950,NA
"176","Herklotsichthys spilurus","Herklotsichthys spilurus","Eukaryota","Metazoa","Chordata","Actinopteri","Neopterygii","Clupeiformes","Clupeidae","Herklotsichthys","Herklotsichthys spilurus",367792,NA
"177","Hexagrammos octogrammus x Hexagrammos agrammus","Hexagrammos octogrammus x Hexagrammos agrammus","Eukaryota","Metazoa","Chordata","Actinopteri","Neopterygii","Acanthomorphata","Hexagrammidae","Hexagrammos","Hexagrammos octogrammus x Hexagrammos agrammus",4949194,NA
"178","Hexagrammos octogrammus x Hexagrammos otakii","Hexagrammos octogrammus x Hexagrammos otakii","Eukaryota","Metazoa","Chordata","Actinopteri","Neopterygii","Acanthomorphata","Hexagrammidae","Hexagrammos","Hexagrammos octogrammus x Hexagrammos otakii",4949193,NA
"179","Huso dauricus x Acipenser schrenckii","Huso dauricus x Acipenser schrenckii","Eukaryota","Metazoa","Chordata","Actinopteri","Chondrostei","Acipenseriformes","Acipenseridae",NA,"Huso dauricus x Acipenser schrenckii",5521748,NA
"180","Hypophthalmichthys nobilis x Hypophthalmichthys molitrix","Hypophthalmichthys nobilis x Hypophthalmichthys molitrix","Eukaryota","Metazoa","Chordata","Actinopteri","Neopterygii","Cypriniformes","Cyprinidae","Hypophthalmichthys","Hypophthalmichthys nobilis x Hypophthalmichthys molitrix",5925455,NA
"181","Hypostomus ammophilus","Hypostomus ammophilus","Eukaryota","Metazoa","Chordata","Actinopteri","Neopterygii","Siluriformes","Loricariidae","Hypostomus","Hypostomus ammophilus",452265,NA
"182","Iberochondrostoma olisiponensis x Iberochondrostoma lusitanicum","Iberochondrostoma olisiponensis x Iberochondrostoma lusitanicum","Eukaryota","Metazoa","Chordata","Actinopteri","Neopterygii","Cypriniformes","Cyprinidae","Iberochondrostoma","Iberochondrostoma olisiponensis x Iberochondrostoma lusitanicum",5555108,NA
"183","Iconisemion striatum","Iconisemion striatum","Eukaryota","Metazoa","Chordata","Actinopteri","Neopterygii","Acanthomorphata","Nothobranchiidae","Iconisemion","Iconisemion striatum",790621,NA
"184","Jordanella pulchra","Jordanella pulchra","Eukaryota","Metazoa","Chordata","Actinopteri","Neopterygii","Acanthomorphata","Cyprinodontidae","Jordanella","Jordanella pulchra",763267,NA
"185","Kareius bicoloratus x Platichthys stellatus","Kareius bicoloratus x Platichthys stellatus","Eukaryota","Metazoa","Chordata","Actinopteri","Neopterygii","Acanthomorphata","Pleuronectidae",NA,"Kareius bicoloratus x Platichthys stellatus",5859487,NA
"186","Kareius bicoloratus x Pseudopleuronectes yokohamae","Kareius bicoloratus x Pseudopleuronectes yokohamae","Eukaryota","Metazoa","Chordata","Actinopteri","Neopterygii","Acanthomorphata","Pleuronectidae",NA,"Kareius bicoloratus x Pseudopleuronectes yokohamae",5924494,NA
"187","Labeo capensis x Labeo umbratus","Labeo capensis x Labeo umbratus","Eukaryota","Metazoa","Chordata","Actinopteri","Neopterygii","Cypriniformes","Cyprinidae","Labeo","Labeo capensis x Labeo umbratus",7066619,NA
"188","Labeo catla","Labeo catla","Eukaryota","Metazoa","Chordata","Actinopteri","Neopterygii","Cypriniformes","Cyprinidae","Labeo","Labeo catla",719907,NA
"189","Labeo umbratus x Labeo capensis","Labeo umbratus x Labeo capensis","Eukaryota","Metazoa","Chordata","Actinopteri","Neopterygii","Cypriniformes","Cyprinidae","Labeo","Labeo umbratus x Labeo capensis",7066653,NA
"190","Labeobarbus macroceps x Labeobarbus mawambiensis","Labeobarbus macroceps x Labeobarbus mawambiensis","Eukaryota","Metazoa","Chordata","Actinopteri","Neopterygii","Cypriniformes","Cyprinidae","Labeobarbus","Labeobarbus macroceps x Labeobarbus mawambiensis",5838975,NA
"191",NA,"Varicorhinus maroccanus","Eukaryota","Metazoa","Chordata","Actinopteri","Neopterygii","Cypriniformes","Cyprinidae","Varicorhinus","Varicorhinus maroccanus",1073308,NA
"192","Lagiacrusichthys macropinnis","Lagiacrusichthys macropinnis","Eukaryota","Metazoa","Chordata","Actinopteri","Neopterygii","Aulopiformes","Scopelarchidae","Lagiacrusichthys","Lagiacrusichthys macropinnis",45791,NA
"193","Lamnostoma orientalis","Lamnostoma orientalis","Eukaryota","Metazoa","Chordata","Actinopteri","Neopterygii","Anguilliformes","Ophichthidae","Lamnostoma","Lamnostoma orientalis",3643392,NA
"194","Lampetra geminis","Lampetra geminis","Eukaryota","Metazoa","Chordata",NA,NA,"Petromyzontiformes","Petromyzontidae","Lampetra","Lampetra geminis",1015586,NA
"195","Lamprologus callipterus x Neolamprologus calliurus","Lamprologus callipterus x Neolamprologus calliurus","Eukaryota","Metazoa","Chordata","Actinopteri","Neopterygii","Acanthomorphata","Cichlidae","Lamprologus","Lamprologus callipterus x Neolamprologus calliurus",4948854,NA
"196",NA,"Laubuca dadiburjori","Eukaryota","Metazoa","Chordata","Actinopteri","Neopterygii","Cypriniformes","Cyprinidae","Laubuca","Laubuca dadiburjori",747150,NA
"197",NA,"Laubuca fasciata","Eukaryota","Metazoa","Chordata","Actinopteri","Neopterygii","Cypriniformes","Cyprinidae","Laubuca","Laubuca fasciata",449801,NA
"198","Leiocassis longirostris x Tachysurus fulvidraco","Leiocassis longirostris x Tachysurus fulvidraco","Eukaryota","Metazoa","Chordata","Actinopteri","Neopterygii","Siluriformes","Bagridae",NA,"Leiocassis longirostris x Tachysurus fulvidraco",6141851,NA
"199","Lepidocephalichthys caudofurcatus","Lepidocephalichthys caudofurcatus","Eukaryota","Metazoa","Chordata","Actinopteri","Neopterygii","Cypriniformes","Cobitidae","Lepidocephalichthys","Lepidocephalichthys caudofurcatus",7066228,NA
"200","Leptobotia zebra","Leptobotia zebra","Eukaryota","Metazoa","Chordata","Actinopteri","Neopterygii","Cypriniformes","Botiidae","Leptobotia","Leptobotia zebra",569225,NA
"201","Lobotes pacificus","Lobotes pacificus","Eukaryota","Metazoa","Chordata","Actinopteri","Neopterygii","Acanthomorphata","Lobotidae","Lobotes","Lobotes pacificus",890162,NA
"202","Lophiodes lugubris","Lophiodes lugubris","Eukaryota","Metazoa","Chordata","Actinopteri","Neopterygii","Acanthomorphata","Lophiidae","Lophiodes","Lophiodes lugubris",5924536,NA
"203","Luciobarbus barbulus X Luciobarbus esocinus","Luciobarbus barbulus X Luciobarbus esocinus","Eukaryota","Metazoa","Chordata","Actinopteri","Neopterygii","Cypriniformes","Cyprinidae","Luciobarbus","Luciobarbus barbulus X Luciobarbus esocinus",7066692,NA
"204","Luciobarbus barbulus X Luciobarbus kersin","Luciobarbus barbulus X Luciobarbus kersin","Eukaryota","Metazoa","Chordata","Actinopteri","Neopterygii","Cypriniformes","Cyprinidae","Luciobarbus","Luciobarbus barbulus X Luciobarbus kersin",7066693,NA
"205","Luciobarbus issiensis","Luciobarbus issiensis","Eukaryota","Metazoa","Chordata","Actinopteri","Neopterygii","Cypriniformes","Cyprinidae","Luciobarbus","Luciobarbus issiensis",236769,NA
"206","Luciobarbus ksibi","Luciobarbus ksibi","Eukaryota","Metazoa","Chordata","Actinopteri","Neopterygii","Cypriniformes","Cyprinidae","Luciobarbus","Luciobarbus ksibi",220974,NA
"207","Luciobarbus lorteti","Luciobarbus lorteti","Eukaryota","Metazoa","Chordata","Actinopteri","Neopterygii","Cypriniformes","Cyprinidae","Luciobarbus","Luciobarbus lorteti",3626410,NA
"208","Luciobarbus massaensis","Luciobarbus massaensis","Eukaryota","Metazoa","Chordata","Actinopteri","Neopterygii","Cypriniformes","Cyprinidae","Luciobarbus","Luciobarbus massaensis",236763,NA
"209","Luciobarbus pergamonensis","Luciobarbus pergamonensis","Eukaryota","Metazoa","Chordata","Actinopteri","Neopterygii","Cypriniformes","Cyprinidae","Luciobarbus","Luciobarbus pergamonensis",763579,NA
"210","Lutjanus apodus x Ocyurus chrysurus","Lutjanus apodus x Ocyurus chrysurus","Eukaryota","Metazoa","Chordata","Actinopteri","Neopterygii","Acanthomorphata","Lutjanidae",NA,"Lutjanus apodus x Ocyurus chrysurus",7061604,NA
"211","Lutjanus lineatus","Lutjanus lineatus","Eukaryota","Metazoa","Chordata","Actinopteri","Neopterygii","Acanthomorphata","Lutjanidae","Lutjanus","Lutjanus lineatus",346573,NA
"212","Matsubaraea fusiforme","Matsubaraea fusiforme","Eukaryota","Metazoa","Chordata","Actinopteri","Neopterygii","Acanthomorphata","Percophidae","Matsubaraea","Matsubaraea fusiforme",3639745,NA
"213",NA,"Cichlasoma urophthalmum","Eukaryota","Metazoa","Chordata","Actinopteri","Neopterygii","Acanthomorphata","Cichlidae","Cichlasoma","Cichlasoma urophthalmum",969102,NA
"214","Megalobrama amblycephala x Ancherythroculter nigrocauda","Megalobrama amblycephala x Ancherythroculter nigrocauda","Eukaryota","Metazoa","Chordata","Actinopteri","Neopterygii","Cypriniformes","Cyprinidae",NA,"Megalobrama amblycephala x Ancherythroculter nigrocauda",5839043,NA
"215","Megalobrama amblycephala x Megalobrama hoffmanni","Megalobrama amblycephala x Megalobrama hoffmanni","Eukaryota","Metazoa","Chordata","Actinopteri","Neopterygii","Cypriniformes","Cyprinidae","Megalobrama","Megalobrama amblycephala x Megalobrama hoffmanni",5838865,NA
"216","Megalobrama amblycephala x Megalobrama pellegrini","Megalobrama amblycephala x Megalobrama pellegrini","Eukaryota","Metazoa","Chordata","Actinopteri","Neopterygii","Cypriniformes","Cyprinidae","Megalobrama","Megalobrama amblycephala x Megalobrama pellegrini",5925465,NA
"217","Megalobrama amblycephala x Megalobrama skolkovii","Megalobrama amblycephala x Megalobrama skolkovii","Eukaryota","Metazoa","Chordata","Actinopteri","Neopterygii","Cypriniformes","Cyprinidae","Megalobrama","Megalobrama amblycephala x Megalobrama skolkovii",5925466,NA
"218","Megalobrama amblycephala x Parabramis pekinensis","Megalobrama amblycephala x Parabramis pekinensis","Eukaryota","Metazoa","Chordata","Actinopteri","Neopterygii","Cypriniformes","Cyprinidae",NA,"Megalobrama amblycephala x Parabramis pekinensis",5555056,NA
"219","Megalobrama skolokovii x Megalobrama amblycephala","Megalobrama skolokovii x Megalobrama amblycephala","Eukaryota","Metazoa","Chordata","Actinopteri","Neopterygii","Cypriniformes","Cyprinidae","Megalobrama","Megalobrama skolokovii x Megalobrama amblycephala",5925467,NA
"220","Megalobrama terminalis x Megalobrama amblycephala","Megalobrama terminalis x Megalobrama amblycephala","Eukaryota","Metazoa","Chordata","Actinopteri","Neopterygii","Cypriniformes","Cyprinidae","Megalobrama","Megalobrama terminalis x Megalobrama amblycephala",5925468,NA
"221","Melanotaenia rubrostriatus","Melanotaenia rubrostriatus","Eukaryota","Metazoa","Chordata","Actinopteri","Neopterygii","Acanthomorphata","Melanotaeniidae","Melanotaenia","Melanotaenia rubrostriatus",1046037,NA
"222","Melanotaenia senckenbergianus","Melanotaenia senckenbergianus","Eukaryota","Metazoa","Chordata","Actinopteri","Neopterygii","Acanthomorphata","Melanotaeniidae","Melanotaenia","Melanotaenia senckenbergianus",5859653,NA
"223","Menidia estor","Menidia estor","Eukaryota","Metazoa","Chordata","Actinopteri","Neopterygii","Acanthomorphata","Atherinopsidae","Menidia","Menidia estor",961021,NA
"224","Microdous chalmersi","Microdous chalmersi","Eukaryota","Metazoa","Chordata","Actinopteri","Neopterygii","Acanthomorphata","Odontobutidae","Microdous","Microdous chalmersi",7062930,NA
"225","Micropterus dolomieu x Micropterus salmoides","Micropterus dolomieu x Micropterus salmoides","Eukaryota","Metazoa","Chordata","Actinopteri","Neopterygii","Acanthomorphata","Centrarchidae","Micropterus","Micropterus dolomieu x Micropterus salmoides",7061456,NA
"226","Misgurnus anguillicaudatus x Misgurnus bipartitus","Misgurnus anguillicaudatus x Misgurnus bipartitus","Eukaryota","Metazoa","Chordata","Actinopteri","Neopterygii","Cypriniformes","Cobitidae","Misgurnus","Misgurnus anguillicaudatus x Misgurnus bipartitus",7066253,NA
"227","Misgurnus anguillicaudatus x Paramisgurnus dabryanus","Misgurnus anguillicaudatus x Paramisgurnus dabryanus","Eukaryota","Metazoa","Chordata","Actinopteri","Neopterygii","Cypriniformes","Cobitidae",NA,"Misgurnus anguillicaudatus x Paramisgurnus dabryanus",5845815,NA
"228","Mobula alfredi x Mobula birostris","Mobula alfredi x Mobula birostris","Eukaryota","Metazoa","Chordata","Chondrichthyes","Elasmobranchii","Myliobatiformes","Myliobatidae","Mobula","Mobula alfredi x Mobula birostris",5512336,NA
"229",NA,"Moenkhausia australe","Eukaryota","Metazoa","Chordata","Actinopteri","Neopterygii","Characiformes","Characidae","Moenkhausia","Moenkhausia australe",126477,NA
"230","Monotrete cambodgiensis","Monotrete cambodgiensis","Eukaryota","Metazoa","Chordata","Actinopteri","Neopterygii","Acanthomorphata","Tetraodontidae","Monotrete","Monotrete cambodgiensis",7062444,NA
"231","Morone chrysops x Morone saxatilis","Morone chrysops x Morone saxatilis","Eukaryota","Metazoa","Chordata","Actinopteri","Neopterygii","Acanthomorphata","Moronidae","Morone","Morone chrysops x Morone saxatilis",4949036,NA
"232","Morone saxatilis x Morone chrysops","Morone saxatilis x Morone chrysops","Eukaryota","Metazoa","Chordata","Actinopteri","Neopterygii","Acanthomorphata","Moronidae","Morone","Morone saxatilis x Morone chrysops",7061766,NA
"233","Moxostoma duquesnii","Moxostoma duquesnii","Eukaryota","Metazoa","Chordata","Actinopteri","Neopterygii","Cypriniformes","Catostomidae","Moxostoma","Moxostoma duquesnii",941351,NA
"234","Mustelus intermedius","Mustelus intermedius","Eukaryota","Metazoa","Chordata","Chondrichthyes","Elasmobranchii","Carcharhiniformes","Triakidae","Mustelus","Mustelus intermedius",393586,NA
"235","Mystus micracanthus","Mystus micracanthus","Eukaryota","Metazoa","Chordata","Actinopteri","Neopterygii","Siluriformes","Bagridae","Mystus","Mystus micracanthus",566364,NA
"236","Myzopsetta punctatissima","Myzopsetta punctatissima","Eukaryota","Metazoa","Chordata","Actinopteri","Neopterygii","Acanthomorphata","Pleuronectidae","Myzopsetta","Myzopsetta punctatissima",3640243,NA
"237","Neogobius nigricans","Neogobius nigricans","Eukaryota","Metazoa","Chordata","Actinopteri","Neopterygii","Acanthomorphata","Gobiidae","Neogobius","Neogobius nigricans",1004845,NA
"238","Neolamprologus fasciatus x Neolamprologus calliurus","Neolamprologus fasciatus x Neolamprologus calliurus","Eukaryota","Metazoa","Chordata","Actinopteri","Neopterygii","Acanthomorphata","Cichlidae","Neolamprologus","Neolamprologus fasciatus x Neolamprologus calliurus",4948853,NA
"239","Neoniphon vexillarium","Neoniphon vexillarium","Eukaryota","Metazoa","Chordata","Actinopteri","Neopterygii","Acanthomorphata","Holocentridae","Neoniphon","Neoniphon vexillarium",589843,NA
"240","Nesogalaxias neocaledonicus","Nesogalaxias neocaledonicus","Eukaryota","Metazoa","Chordata","Actinopteri","Neopterygii","Galaxiiformes","Galaxiidae","Nesogalaxias","Nesogalaxias neocaledonicus",167183,NA
"241","Ninnigobius canestrinii","Ninnigobius canestrinii","Eukaryota","Metazoa","Chordata","Actinopteri","Neopterygii","Acanthomorphata","Gobiidae","Ninnigobius","Ninnigobius canestrinii",542634,NA
"242","Ninnigobius montenegrensis","Ninnigobius montenegrensis","Eukaryota","Metazoa","Chordata","Actinopteri","Neopterygii","Acanthomorphata","Gobiidae","Ninnigobius","Ninnigobius montenegrensis",3637698,NA
"243","Nomorhamphus vivipara","Nomorhamphus vivipara","Eukaryota","Metazoa","Chordata","Actinopteri","Neopterygii","Acanthomorphata","Zenarchopteridae","Nomorhamphus","Nomorhamphus vivipara",3641145,NA
"244","Odontobutis obscura","Odontobutis obscura","Eukaryota","Metazoa","Chordata","Actinopteri","Neopterygii","Acanthomorphata","Odontobutidae","Odontobutis","Odontobutis obscura",599816,NA
"245","Odontobutis potamophila","Odontobutis potamophila","Eukaryota","Metazoa","Chordata","Actinopteri","Neopterygii","Acanthomorphata","Odontobutidae","Odontobutis","Odontobutis potamophila",314353,NA
"246","Oncorhynchus mykiss x Salmo salar","Oncorhynchus mykiss x Salmo salar","Eukaryota","Metazoa","Chordata","Actinopteri","Neopterygii","Salmoniformes","Salmonidae",NA,"Oncorhynchus mykiss x Salmo salar",5827884,NA
"247","Onychostoma angustistomata","Onychostoma angustistomata","Eukaryota","Metazoa","Chordata","Actinopteri","Neopterygii","Cypriniformes","Cyprinidae","Onychostoma","Onychostoma angustistomata",883266,NA
"248","Onychostoma rara","Onychostoma rara","Eukaryota","Metazoa","Chordata","Actinopteri","Neopterygii","Cypriniformes","Cyprinidae","Onychostoma","Onychostoma rara",888750,NA
"249","Oostethus manadensis","Oostethus manadensis","Eukaryota","Metazoa","Chordata","Actinopteri","Neopterygii","Acanthomorphata","Syngnathidae","Oostethus","Oostethus manadensis",3642139,NA
"250","Ophichthus zophistius","Ophichthus zophistius","Eukaryota","Metazoa","Chordata","Actinopteri","Neopterygii","Anguilliformes","Ophichthidae","Ophichthus","Ophichthus zophistius",483995,NA
"251","Oplegnathus fasciatus x Oplegnathus punctatus","Oplegnathus fasciatus x Oplegnathus punctatus","Eukaryota","Metazoa","Chordata","Actinopteri","Neopterygii","Acanthomorphata","Oplegnathidae","Oplegnathus","Oplegnathus fasciatus x Oplegnathus punctatus",4948973,NA
"252","Oreochromis alcalicus","Oreochromis alcalicus","Eukaryota","Metazoa","Chordata","Actinopteri","Neopterygii","Acanthomorphata","Cichlidae","Oreochromis","Oreochromis alcalicus",881511,NA
"253","Oreochromis aureus x Oreochromis niloticus","Oreochromis aureus x Oreochromis niloticus","Eukaryota","Metazoa","Chordata","Actinopteri","Neopterygii","Acanthomorphata","Cichlidae","Oreochromis","Oreochromis aureus x Oreochromis niloticus",4948848,NA
"254","Oreochromis mossambicus x Oreochromis urolepis hornorum","Oreochromis mossambicus x Oreochromis urolepis hornorum","Eukaryota","Metazoa","Chordata","Actinopteri","Neopterygii","Acanthomorphata","Cichlidae","Oreochromis","Oreochromis mossambicus x Oreochromis urolepis hornorum",4948843,NA
"255","Oreochromis mossambicus x niloticus","Oreochromis mossambicus x niloticus","Eukaryota","Metazoa","Chordata","Actinopteri","Neopterygii","Acanthomorphata","Cichlidae","Oreochromis","Oreochromis mossambicus x niloticus",4948850,NA
"256","Oreochromis niloticus x Oreochromis aureus","Oreochromis niloticus x Oreochromis aureus","Eukaryota","Metazoa","Chordata","Actinopteri","Neopterygii","Acanthomorphata","Cichlidae","Oreochromis","Oreochromis niloticus x Oreochromis aureus",5861361,NA
"257","Oreochromis niloticus x Oreochromis mossambicus","Oreochromis niloticus x Oreochromis mossambicus","Eukaryota","Metazoa","Chordata","Actinopteri","Neopterygii","Acanthomorphata","Cichlidae","Oreochromis","Oreochromis niloticus x Oreochromis mossambicus",4948846,NA
"258","Osteochilus melanopleurus","Osteochilus melanopleurus","Eukaryota","Metazoa","Chordata","Actinopteri","Neopterygii","Cypriniformes","Cyprinidae","Osteochilus","Osteochilus melanopleurus",354735,NA
"259","Ostorhinchus guamensis","Ostorhinchus guamensis","Eukaryota","Metazoa","Chordata","Actinopteri","Neopterygii","Acanthomorphata","Apogonidae","Ostorhinchus","Ostorhinchus guamensis",883900,NA
"260","Ostorhinchus sangiensis","Ostorhinchus sangiensis","Eukaryota","Metazoa","Chordata","Actinopteri","Neopterygii","Acanthomorphata","Apogonidae","Ostorhinchus","Ostorhinchus sangiensis",359170,NA
"261","Ostorhinchus ventrifasciatus","Ostorhinchus ventrifasciatus","Eukaryota","Metazoa","Chordata","Actinopteri","Neopterygii","Acanthomorphata","Apogonidae","Ostorhinchus","Ostorhinchus ventrifasciatus",359188,NA
"262","Ostracion immaculatus","Ostracion immaculatus","Eukaryota","Metazoa","Chordata","Actinopteri","Neopterygii","Acanthomorphata","Ostraciidae","Ostracion","Ostracion immaculatus",1044207,NA
"263","Ostracion solorensis","Ostracion solorensis","Eukaryota","Metazoa","Chordata","Actinopteri","Neopterygii","Acanthomorphata","Ostraciidae","Ostracion","Ostracion solorensis",893596,NA
"264","Pagetopsis maculatus","Pagetopsis maculatus","Eukaryota","Metazoa","Chordata","Actinopteri","Neopterygii","Acanthomorphata","Channichthyidae","Pagetopsis","Pagetopsis maculatus",299652,NA
"265","Panamius panamensis","Panamius panamensis","Eukaryota","Metazoa","Chordata","Actinopteri","Neopterygii","Acanthomorphata","Cichlidae","Cryptoheros","Panamius panamensis",7063877,NA
"266","Pangio muraeniformes","Pangio muraeniformes","Eukaryota","Metazoa","Chordata","Actinopteri","Neopterygii","Cypriniformes","Cobitidae","Pangio","Pangio muraeniformes",310296,NA
"267","Parabotia curta","Parabotia curta","Eukaryota","Metazoa","Chordata","Actinopteri","Neopterygii","Cypriniformes","Botiidae","Parabotia","Parabotia curta",857571,NA
"268","Paraneetroplus synspilus x Amphilophus citrinellus","Paraneetroplus synspilus x Amphilophus citrinellus","Eukaryota","Metazoa","Chordata","Actinopteri","Neopterygii","Acanthomorphata","Cichlidae",NA,"Paraneetroplus synspilus x Amphilophus citrinellus",5861388,NA
"269",NA,"Parophrys vetulus x Lepidopsetta sp.","Eukaryota","Metazoa","Chordata","Actinopteri","Neopterygii","Acanthomorphata","Pleuronectidae",NA,"Parophrys vetulus x Lepidopsetta sp.",4949103,NA
"270","Percalates novemaculeata","Percalates novemaculeata","Eukaryota","Metazoa","Chordata","Actinopteri","Neopterygii","Acanthomorphata",NA,"Percalates","Percalates novemaculeata",113385,NA
"271","Percina raneyi","Percina raneyi","Eukaryota","Metazoa","Chordata","Actinopteri","Neopterygii","Acanthomorphata","Percidae","Percina","Percina raneyi",1009543,NA
"272","Percina rex x Percina nevisense","Percina rex x Percina nevisense","Eukaryota","Metazoa","Chordata","Actinopteri","Neopterygii","Acanthomorphata","Percidae","Percina","Percina rex x Percina nevisense",4948978,NA
"273","Periophthalmus cantonensis","Periophthalmus cantonensis","Eukaryota","Metazoa","Chordata","Actinopteri","Neopterygii","Acanthomorphata","Gobiidae","Periophthalmus","Periophthalmus cantonensis",500500,NA
"274","Pethia melanomaculatus","Pethia melanomaculatus","Eukaryota","Metazoa","Chordata","Actinopteri","Neopterygii","Cypriniformes","Cyprinidae","Pethia","Pethia melanomaculatus",739300,NA
"275","Petroschmidtia albonotatus","Petroschmidtia albonotatus","Eukaryota","Metazoa","Chordata","Actinopteri","Neopterygii","Acanthomorphata","Zoarcidae","Petroschmidtia","Petroschmidtia albonotatus",66124,NA
"276","Phoxinus lumaireul","Phoxinus lumaireul","Eukaryota","Metazoa","Chordata","Actinopteri","Neopterygii","Cypriniformes","Cyprinidae","Phoxinus","Phoxinus lumaireul",1031056,NA
"277",NA,"Planilisa melinopterus","Eukaryota","Metazoa","Chordata","Actinopteri","Neopterygii","Acanthomorphata","Mugilidae","Planiliza","Planilisa melinopterus",712560,NA
"278","Planiliza parmata","Planiliza parmata","Eukaryota","Metazoa","Chordata","Actinopteri","Neopterygii","Acanthomorphata","Mugilidae","Planiliza","Planiliza parmata",592270,NA
"279","Platichthys stellatus x Parophrys vetulus","Platichthys stellatus x Parophrys vetulus","Eukaryota","Metazoa","Chordata","Actinopteri","Neopterygii","Acanthomorphata","Pleuronectidae",NA,"Platichthys stellatus x Parophrys vetulus",5924495,NA
"280","Plectropomus leopardus x Plectropomus maculatus","Plectropomus leopardus x Plectropomus maculatus","Eukaryota","Metazoa","Chordata","Actinopteri","Neopterygii","Acanthomorphata","Serranidae","Plectropomus","Plectropomus leopardus x Plectropomus maculatus",4949044,NA
"281","Poecilia nelsoni","Poecilia nelsoni","Eukaryota","Metazoa","Chordata","Actinopteri","Neopterygii","Acanthomorphata","Poeciliidae","Poecilia","Poecilia nelsoni",5924824,NA
"282","Poeciliopsis monacha x Poeciliopsis occidentalis","Poeciliopsis monacha x Poeciliopsis occidentalis","Eukaryota","Metazoa","Chordata","Actinopteri","Neopterygii","Acanthomorphata","Poeciliidae","Poeciliopsis","Poeciliopsis monacha x Poeciliopsis occidentalis",4948761,NA
"283","Pogonias courbina","Pogonias courbina","Eukaryota","Metazoa","Chordata","Actinopteri","Neopterygii","Acanthomorphata","Sciaenidae","Pogonias","Pogonias courbina",7061797,NA
"284","Ponticola iljini","Ponticola iljini","Eukaryota","Metazoa","Chordata","Actinopteri","Neopterygii","Acanthomorphata","Gobiidae","Ponticola","Ponticola iljini",6140638,NA
"285","Porochilus argenteus x Neosilurus hyrtlii","Porochilus argenteus x Neosilurus hyrtlii","Eukaryota","Metazoa","Chordata","Actinopteri","Neopterygii","Siluriformes","Plotosidae",NA,"Porochilus argenteus x Neosilurus hyrtlii",5839293,NA
"286","Potamarius labiatus","Potamarius labiatus","Eukaryota","Metazoa","Chordata","Actinopteri","Neopterygii","Siluriformes","Ariidae","Potamarius","Potamarius labiatus",3623436,NA
"287","Prolixicheilus longisulcus","Prolixicheilus longisulcus","Eukaryota","Metazoa","Chordata","Actinopteri","Neopterygii","Cypriniformes","Cyprinidae","Prolixicheilus","Prolixicheilus longisulcus",3627171,NA
"288",NA,"Pseudanthias randali","Eukaryota","Metazoa","Chordata","Actinopteri","Neopterygii","Acanthomorphata","Serranidae","Pseudanthias","Pseudanthias randali",3633983,NA
"289",NA,"Pseudolaguvia tuberculatus","Eukaryota","Metazoa","Chordata","Actinopteri","Neopterygii","Siluriformes","Sisoridae","Pseudolaguvia","Pseudolaguvia tuberculatus",343440,NA
"290","Pseudophoxinus beoticus","Pseudophoxinus beoticus","Eukaryota","Metazoa","Chordata","Actinopteri","Neopterygii","Cypriniformes","Cyprinidae","Pseudophoxinus","Pseudophoxinus beoticus",916861,NA
"291","Pungtungia herzi x Pseudorasbora parva","Pungtungia herzi x Pseudorasbora parva","Eukaryota","Metazoa","Chordata","Actinopteri","Neopterygii","Cypriniformes","Cyprinidae",NA,"Pungtungia herzi x Pseudorasbora parva",5839040,NA
"292","Puntius chelynoides","Puntius chelynoides","Eukaryota","Metazoa","Chordata","Actinopteri","Neopterygii","Cypriniformes","Cyprinidae","Puntius","Puntius chelynoides",198330,NA
"293","Puntius schanicus","Puntius schanicus","Eukaryota","Metazoa","Chordata","Actinopteri","Neopterygii","Cypriniformes","Cyprinidae","Puntius","Puntius schanicus",3627252,NA
"294","Rhinichthys osculus x Relictus solitarius","Rhinichthys osculus x Relictus solitarius","Eukaryota","Metazoa","Chordata","Actinopteri","Neopterygii","Cypriniformes","Cyprinidae",NA,"Rhinichthys osculus x Relictus solitarius",4949308,NA
"295","Rhinogobius xiaoi","Rhinogobius xiaoi","Eukaryota","Metazoa","Chordata","Actinopteri","Neopterygii","Acanthomorphata","Gobiidae","Rhinogobius","Rhinogobius xiaoi",7062905,NA
"296","Rhodeus rheinhardti","Rhodeus rheinhardti","Eukaryota","Metazoa","Chordata","Actinopteri","Neopterygii","Cypriniformes","Acheilognathidae","Rhodeus","Rhodeus rheinhardti",5555059,NA
"297","Rhonciscus branickii","Rhonciscus branickii","Eukaryota","Metazoa","Chordata","Actinopteri","Neopterygii","Acanthomorphata","Haemulidae","Rhonciscus","Rhonciscus branickii",870204,NA
"298","Rhynchocypris percnurus","Rhynchocypris percnurus","Eukaryota","Metazoa","Chordata","Actinopteri","Neopterygii","Cypriniformes","Cyprinidae","Rhynchocypris","Rhynchocypris percnurus",44672,NA
"299","Rutilus basak","Rutilus basak","Eukaryota","Metazoa","Chordata","Actinopteri","Neopterygii","Cypriniformes","Cyprinidae","Rutilus","Rutilus basak",289313,NA
"300","Rutilus lacustris","Rutilus lacustris","Eukaryota","Metazoa","Chordata","Actinopteri","Neopterygii","Cypriniformes","Cyprinidae","Rutilus","Rutilus lacustris",7066940,NA
"301","Rutilus ohridanus","Rutilus ohridanus","Eukaryota","Metazoa","Chordata","Actinopteri","Neopterygii","Cypriniformes","Cyprinidae","Rutilus","Rutilus ohridanus",3121,NA
"302","Rutilus prespensis","Rutilus prespensis","Eukaryota","Metazoa","Chordata","Actinopteri","Neopterygii","Cypriniformes","Cyprinidae","Rutilus","Rutilus prespensis",379558,NA
"303","Rutilus schelkovnikovi","Rutilus schelkovnikovi","Eukaryota","Metazoa","Chordata","Actinopteri","Neopterygii","Cypriniformes","Cyprinidae","Rutilus","Rutilus schelkovnikovi",7066942,NA
"304","Sabanejewia doiranica","Sabanejewia doiranica","Eukaryota","Metazoa","Chordata","Actinopteri","Neopterygii","Cypriniformes","Cobitidae","Sabanejewia","Sabanejewia doiranica",993767,NA
"305","Sabanejewia montana","Sabanejewia montana","Eukaryota","Metazoa","Chordata","Actinopteri","Neopterygii","Cypriniformes","Cobitidae","Sabanejewia","Sabanejewia montana",627373,NA
"306","Sabanejewia radnensis","Sabanejewia radnensis","Eukaryota","Metazoa","Chordata","Actinopteri","Neopterygii","Cypriniformes","Cobitidae","Sabanejewia","Sabanejewia radnensis",627371,NA
"307","Sabanejewia thrakica","Sabanejewia thrakica","Eukaryota","Metazoa","Chordata","Actinopteri","Neopterygii","Cypriniformes","Cobitidae","Sabanejewia","Sabanejewia thrakica",993774,NA
"308","Salmostoma bacalia","Salmostoma bacalia","Eukaryota","Metazoa","Chordata","Actinopteri","Neopterygii","Cypriniformes","Cyprinidae","Salmostoma","Salmostoma bacalia",541598,NA
"309","Salvelinus fontinalis x Salvelinus malma","Salvelinus fontinalis x Salvelinus malma","Eukaryota","Metazoa","Chordata","Actinopteri","Neopterygii","Salmoniformes","Salmonidae","Salvelinus","Salvelinus fontinalis x Salvelinus malma",7064431,NA
"310","Salvelinus malma X Salvelinus leucomaenis","Salvelinus malma X Salvelinus leucomaenis","Eukaryota","Metazoa","Chordata","Actinopteri","Neopterygii","Salmoniformes","Salmonidae","Salvelinus","Salvelinus malma X Salvelinus leucomaenis",7064432,NA
"311","Salvelinus malma malma x Salvelinus leucomaenis","Salvelinus malma malma x Salvelinus leucomaenis","Eukaryota","Metazoa","Chordata","Actinopteri","Neopterygii","Salmoniformes","Salmonidae","Salvelinus","Salvelinus malma malma x Salvelinus leucomaenis",4949216,NA
"312","Sander lucioperca x Perca fluviatilis","Sander lucioperca x Perca fluviatilis","Eukaryota","Metazoa","Chordata","Actinopteri","Neopterygii","Acanthomorphata","Percidae",NA,"Sander lucioperca x Perca fluviatilis",4948977,NA
"313","Sasanidus kermanshahensis","Sasanidus kermanshahensis","Eukaryota","Metazoa","Chordata","Actinopteri","Neopterygii","Cypriniformes","Nemacheilidae","Sasanidus","Sasanidus kermanshahensis",849277,NA
"314","Scaphirhynchus albus x Scaphirhynchus platorynchus","Scaphirhynchus albus x Scaphirhynchus platorynchus","Eukaryota","Metazoa","Chordata","Actinopteri","Chondrostei","Acipenseriformes","Acipenseridae","Scaphirhynchus","Scaphirhynchus albus x Scaphirhynchus platorynchus",5924423,NA
"315","Schistura huapingensis","Schistura huapingensis","Eukaryota","Metazoa","Chordata","Actinopteri","Neopterygii","Cypriniformes","Nemacheilidae","Schistura","Schistura huapingensis",7066334,NA
"316","Schistura putaoensis","Schistura putaoensis","Eukaryota","Metazoa","Chordata","Actinopteri","Neopterygii","Cypriniformes","Nemacheilidae","Schistura","Schistura putaoensis",552759,NA
"317","Schistura shuangjiangensis","Schistura shuangjiangensis","Eukaryota","Metazoa","Chordata","Actinopteri","Neopterygii","Cypriniformes","Nemacheilidae","Schistura","Schistura shuangjiangensis",282134,NA
"318","Schistura thai","Schistura thai","Eukaryota","Metazoa","Chordata","Actinopteri","Neopterygii","Cypriniformes","Nemacheilidae","Schistura","Schistura thai",856249,NA
"319","Scomberomorus munroi x Scomberomorus semifasciatus","Scomberomorus munroi x Scomberomorus semifasciatus","Eukaryota","Metazoa","Chordata","Actinopteri","Neopterygii","Acanthomorphata","Scombridae","Scomberomorus","Scomberomorus munroi x Scomberomorus semifasciatus",4948797,NA
"320","Siganus corallinus x Siganus puellus","Siganus corallinus x Siganus puellus","Eukaryota","Metazoa","Chordata","Actinopteri","Neopterygii","Acanthomorphata","Siganidae","Siganus","Siganus corallinus x Siganus puellus",4948818,NA
"321","Sillago ciliata x Sillago analis","Sillago ciliata x Sillago analis","Eukaryota","Metazoa","Chordata","Actinopteri","Neopterygii","Acanthomorphata","Sillaginidae","Sillago","Sillago ciliata x Sillago analis",4949039,NA
"322","Siniperca chuatsi x Siniperca knerii","Siniperca chuatsi x Siniperca knerii","Eukaryota","Metazoa","Chordata","Actinopteri","Neopterygii","Acanthomorphata","Sinipercidae","Siniperca","Siniperca chuatsi x Siniperca knerii",5859543,NA
"323","Siniperca chuatsi x Siniperca scherzeri","Siniperca chuatsi x Siniperca scherzeri","Eukaryota","Metazoa","Chordata","Actinopteri","Neopterygii","Acanthomorphata","Sinipercidae","Siniperca","Siniperca chuatsi x Siniperca scherzeri",5859540,NA
"324","Siniperca knerii x Siniperca chuatsi","Siniperca knerii x Siniperca chuatsi","Eukaryota","Metazoa","Chordata","Actinopteri","Neopterygii","Acanthomorphata","Sinipercidae","Siniperca","Siniperca knerii x Siniperca chuatsi",5859542,NA
"325","Siniperca scherzeri x Siniperca chuatsi","Siniperca scherzeri x Siniperca chuatsi","Eukaryota","Metazoa","Chordata","Actinopteri","Neopterygii","Acanthomorphata","Sinipercidae","Siniperca","Siniperca scherzeri x Siniperca chuatsi",5859541,NA
"326","Squaliobarbus curriculus x Ctenopharyngodon idella","Squaliobarbus curriculus x Ctenopharyngodon idella","Eukaryota","Metazoa","Chordata","Actinopteri","Neopterygii","Cypriniformes","Cyprinidae",NA,"Squaliobarbus curriculus x Ctenopharyngodon idella",4949321,NA
"327","Squalius squalus x Squalius lucumonis","Squalius squalus x Squalius lucumonis","Eukaryota","Metazoa","Chordata","Actinopteri","Neopterygii","Cypriniformes","Cyprinidae","Squalius","Squalius squalus x Squalius lucumonis",5555005,NA
"328","Stephanolepis auratus","Stephanolepis auratus","Eukaryota","Metazoa","Chordata","Actinopteri","Neopterygii","Acanthomorphata","Monacanthidae","Stephanolepis","Stephanolepis auratus",3631336,NA
"329",NA,"Sturisoma aureum","Eukaryota","Metazoa","Chordata","Actinopteri","Neopterygii","Siluriformes","Loricariidae","Sturisoma","Sturisoma aureum",3622661,NA
"330",NA,"Sturisoma frenatum","Eukaryota","Metazoa","Chordata","Actinopteri","Neopterygii","Siluriformes","Loricariidae","Sturisoma","Sturisoma frenatum",3622665,NA
"331","Synchiropus kamoharai","Synchiropus kamoharai","Eukaryota","Metazoa","Chordata","Actinopteri","Neopterygii","Acanthomorphata","Callionymidae","Synchiropus","Synchiropus kamoharai",3632802,NA
"332","Synchiropus papilio","Synchiropus papilio","Eukaryota","Metazoa","Chordata","Actinopteri","Neopterygii","Acanthomorphata","Callionymidae","Synchiropus","Synchiropus papilio",3632757,NA
"333","Tachysurus aurantiacus","Tachysurus aurantiacus","Eukaryota","Metazoa","Chordata","Actinopteri","Neopterygii","Siluriformes","Bagridae","Tachysurus","Tachysurus aurantiacus",804529,NA
"334","Tachysurus brevianalis","Tachysurus brevianalis","Eukaryota","Metazoa","Chordata","Actinopteri","Neopterygii","Siluriformes","Bagridae","Tachysurus","Tachysurus brevianalis",1090588,NA
"335","Tachysurus crassilabris","Tachysurus crassilabris","Eukaryota","Metazoa","Chordata","Actinopteri","Neopterygii","Siluriformes","Bagridae","Tachysurus","Tachysurus crassilabris",7652970,NA
"336","Tachysurus eupogon","Tachysurus eupogon","Eukaryota","Metazoa","Chordata","Actinopteri","Neopterygii","Siluriformes","Bagridae","Tachysurus","Tachysurus eupogon",876095,NA
"337","Tachysurus fulvidraco x Leiocassis longirostris","Tachysurus fulvidraco x Leiocassis longirostris","Eukaryota","Metazoa","Chordata","Actinopteri","Neopterygii","Siluriformes","Bagridae",NA,"Tachysurus fulvidraco x Leiocassis longirostris",7065985,NA
"338","Tachysurus fulvidraco x Tachysurus vachelli","Tachysurus fulvidraco x Tachysurus vachelli","Eukaryota","Metazoa","Chordata","Actinopteri","Neopterygii","Siluriformes","Bagridae","Tachysurus","Tachysurus fulvidraco x Tachysurus vachelli",5839215,NA
"339","Tachysurus intermedius","Tachysurus intermedius","Eukaryota","Metazoa","Chordata","Actinopteri","Neopterygii","Siluriformes","Bagridae","Tachysurus","Tachysurus intermedius",991173,NA
"340","Tachysurus tokiensis","Tachysurus tokiensis","Eukaryota","Metazoa","Chordata","Actinopteri","Neopterygii","Siluriformes","Bagridae","Tachysurus","Tachysurus tokiensis",804531,NA
"341","Tachysurus ussuriensis","Tachysurus ussuriensis","Eukaryota","Metazoa","Chordata","Actinopteri","Neopterygii","Siluriformes","Bagridae","Tachysurus","Tachysurus ussuriensis",804534,NA
"342","Tachysurus vachellii","Tachysurus vachellii","Eukaryota","Metazoa","Chordata","Actinopteri","Neopterygii","Siluriformes","Bagridae","Tachysurus","Tachysurus vachellii",203399,NA
"343","Taeniamia dispilus","Taeniamia dispilus","Eukaryota","Metazoa","Chordata","Actinopteri","Neopterygii","Acanthomorphata","Apogonidae","Taeniamia","Taeniamia dispilus",5924761,NA
"344","Takifugu chinensis x Takifugu rubripes","Takifugu chinensis x Takifugu rubripes","Eukaryota","Metazoa","Chordata","Actinopteri","Neopterygii","Acanthomorphata","Tetraodontidae","Takifugu","Takifugu chinensis x Takifugu rubripes",7062446,NA
"345","Takifugu fasciatus x Takifugu flavidus","Takifugu fasciatus x Takifugu flavidus","Eukaryota","Metazoa","Chordata","Actinopteri","Neopterygii","Acanthomorphata","Tetraodontidae","Takifugu","Takifugu fasciatus x Takifugu flavidus",7062447,NA
"346","Takifugu fasciatus","Takifugu fasciatus","Eukaryota","Metazoa","Chordata","Actinopteri","Neopterygii","Acanthomorphata","Tetraodontidae","Takifugu","Takifugu fasciatus",598737,NA
"347","Takifugu flavidus x Takifugu rubripes","Takifugu flavidus x Takifugu rubripes","Eukaryota","Metazoa","Chordata","Actinopteri","Neopterygii","Acanthomorphata","Tetraodontidae","Takifugu","Takifugu flavidus x Takifugu rubripes",5860597,NA
"348","Takifugu obscurus x Takifugu rubripes","Takifugu obscurus x Takifugu rubripes","Eukaryota","Metazoa","Chordata","Actinopteri","Neopterygii","Acanthomorphata","Tetraodontidae","Takifugu","Takifugu obscurus x Takifugu rubripes",7062448,NA
"349","Takifugu rubripes x Takifugu flavidus","Takifugu rubripes x Takifugu flavidus","Eukaryota","Metazoa","Chordata","Actinopteri","Neopterygii","Acanthomorphata","Tetraodontidae","Takifugu","Takifugu rubripes x Takifugu flavidus",4948743,NA
"350","Tanakia limbata x Tanakia lanceolata","Tanakia limbata x Tanakia lanceolata","Eukaryota","Metazoa","Chordata","Actinopteri","Neopterygii","Cypriniformes","Acheilognathidae","Tanakia","Tanakia limbata x Tanakia lanceolata",5838933,NA
"351","Tariqilabeo latius","Tariqilabeo latius","Eukaryota","Metazoa","Chordata","Actinopteri","Neopterygii","Cypriniformes","Cyprinidae","Tariqilabeo","Tariqilabeo latius",7066987,NA
"352","Tariqilabeo burmanicus","Tariqilabeo burmanicus","Eukaryota","Metazoa","Chordata","Actinopteri","Neopterygii","Cypriniformes","Cyprinidae","Tariqilabeo","Tariqilabeo burmanicus",844375,NA
"353",NA,"Nemadoras leporhinus","Eukaryota","Metazoa","Chordata","Actinopteri","Neopterygii","Siluriformes","Doradidae","Nemadoras","Nemadoras leporhinus",3622456,NA
"354",NA,"Nemadoras ternetzi","Eukaryota","Metazoa","Chordata","Actinopteri","Neopterygii","Siluriformes","Doradidae","Nemadoras","Nemadoras ternetzi",317867,NA
"355",NA,"Nemadoras trimaculatus","Eukaryota","Metazoa","Chordata","Actinopteri","Neopterygii","Siluriformes","Doradidae","Nemadoras","Nemadoras trimaculatus",317869,NA
"356","Thymallus aeliani","Thymallus aeliani","Eukaryota","Metazoa","Chordata","Actinopteri","Neopterygii","Salmoniformes","Salmonidae","Thymallus","Thymallus aeliani",3642569,NA
"357","Tigrigobius inornatus","Tigrigobius inornatus","Eukaryota","Metazoa","Chordata","Actinopteri","Neopterygii","Acanthomorphata","Gobiidae","Tigrigobius","Tigrigobius inornatus",601604,NA
"358","Trichosomus trachinoides","Trichosomus trachinoides","Eukaryota","Metazoa","Chordata","Actinopteri","Neopterygii","Acanthomorphata","Tetrarogidae","Trichosomus","Trichosomus trachinoides",7062199,NA
"359","Typhleotris madagascariensis x Typhleotris pauliani","Typhleotris madagascariensis x Typhleotris pauliani","Eukaryota","Metazoa","Chordata","Actinopteri","Neopterygii","Acanthomorphata","Eleotridae","Typhleotris","Typhleotris madagascariensis x Typhleotris pauliani",7062480,NA
"360","Typhleotris mararybe x Typhleotris pauliani","Typhleotris mararybe x Typhleotris pauliani","Eukaryota","Metazoa","Chordata","Actinopteri","Neopterygii","Acanthomorphata","Eleotridae","Typhleotris","Typhleotris mararybe x Typhleotris pauliani",7062481,NA
"361",NA,"Homalosoma hainanensis","Eukaryota","Metazoa","Chordata","Actinopteri","Neopterygii","Cypriniformes","Balitoridae","Homalosoma","Homalosoma hainanensis",974749,NA
"362","Vieja melanura","Vieja melanura","Eukaryota","Metazoa","Chordata","Actinopteri","Neopterygii","Acanthomorphata","Cichlidae","Vieja","Vieja melanura",293230,NA
"363","Xenojulis margaritaceus","Xenojulis margaritaceus","Eukaryota","Metazoa","Chordata","Actinopteri","Neopterygii","Acanthomorphata","Labridae","Xenojulis","Xenojulis margaritaceus",3636776,NA
"364","Xystreurys rasile","Xystreurys rasile","Eukaryota","Metazoa","Chordata","Actinopteri","Neopterygii","Acanthomorphata","Paralichthyidae","Xystreurys","Xystreurys rasile",97102,NA
"365","Zebrias craticula","Zebrias craticula","Eukaryota","Metazoa","Chordata","Actinopteri","Neopterygii","Acanthomorphata","Soleidae","Zebrias","Zebrias craticula",3640698,NA
"366","diploid Megalobrama amblycephala x Xenocypris davidi","diploid Megalobrama amblycephala x Xenocypris davidi","Eukaryota","Metazoa","Chordata","Actinopteri","Neopterygii","Cypriniformes","Cyprinidae",NA,"diploid Megalobrama amblycephala x Xenocypris davidi",4949331,NA
"367","diploid Xenocypris davidi x Megalobrama amblycephala","diploid Xenocypris davidi x Megalobrama amblycephala","Eukaryota","Metazoa","Chordata","Actinopteri","Neopterygii","Cypriniformes","Cyprinidae",NA,"diploid Xenocypris davidi x Megalobrama amblycephala",4949306,NA
"368",NA,"natural gynogenetic Carassius auratus red var.","Eukaryota","Metazoa","Chordata","Actinopteri","Neopterygii","Cypriniformes","Cyprinidae",NA,"natural gynogenetic Carassius auratus red var.",785385,NA
"369","triploid Megalobrama amblycephala x Xenocypris davidi","triploid Megalobrama amblycephala x Xenocypris davidi","Eukaryota","Metazoa","Chordata","Actinopteri","Neopterygii","Cypriniformes","Cyprinidae",NA,"triploid Megalobrama amblycephala x Xenocypris davidi",4949332,NA
"370",NA,"Arctoraja sexoculata",NA,"Animalia","Chordata","Elasmobranchii",NA,"Rajiformes","Arhynchobatidae","Bathyraja","Arctoraja sexoculata",NA,"species"
"371","Scymnus paradoxus","Scymnus paradoxus",NA,"Animalia","Chordata","Elasmobranchii",NA,"Squaliformes","Dalatiidae","Dalatias","Scymnus paradoxus",NA,"species"
