Species,Genus,Subfamily,Family,Order,Class,SuperClass,FAO,Status
Acantholiparis caecus,Acantholiparis,NA,Liparidae,Perciformes/Cottoidei,Actinopteri,Osteichthyes,"Pacific, Northeast",endemic
Acantholiparis opercularis,Acantholiparis,NA,Liparidae,Perciformes/Cottoidei,Actinopteri,Osteichthyes,"Pacific, Northeast",endemic
Acantholumpenus mackayi,Acantholumpenus,NA,Lumpenidae,Perciformes/Zoarcoidei,Actinopteri,Osteichthyes,"Pacific, Northeast",native
Acanthonus armatus,Acanthonus,Neobythitinae,Ophidiidae,Ophidiiformes,Actinopteri,Osteichthyes,"Pacific, Northeast",native
Acanthopsetta nadeshnyi,Acanthopsetta,Pleuronectinae,Pleuronectidae,Pleuronectiformes,Actinopteri,Osteichthyes,"Pacific, Northeast",native
Acipenser medirostris,Acipenser,Acipenserinae,Acipenseridae,Acipenseriformes,Actinopteri,Osteichthyes,"Pacific, Northeast",native
Acipenser transmontanus,Acipenser,Acipenserinae,Acipenseridae,Acipenseriformes,Actinopteri,Osteichthyes,"Pacific, Northeast",native
Agonomalus mozinoi,Agonomalus,Hypsagoninae,Agonidae,Perciformes/Cottoidei,Actinopteri,Osteichthyes,"Pacific, Northeast",native
Agonopsis vulsa,Agonopsis,Agoninae,Agonidae,Perciformes/Cottoidei,Actinopteri,Osteichthyes,"Pacific, Northeast",native
Albatrossia pectoralis,Albatrossia,NA,Macrouridae,Gadiformes,Actinopteri,Osteichthyes,"Pacific, Northeast",native
Alectrias alectrolophus,Alectrias,Alectriinae,Stichaeidae,Perciformes/Zoarcoidei,Actinopteri,Osteichthyes,"Pacific, Northeast",native
Alectridium aurantiacum,Alectridium,Xiphisterinae,Stichaeidae,Perciformes/Zoarcoidei,Actinopteri,Osteichthyes,"Pacific, Northeast",native
Alepisaurus ferox,Alepisaurus,NA,Alepisauridae,Aulopiformes,Actinopteri,Osteichthyes,"Pacific, Northeast",native
Alepocephalus tenebrosus,Alepocephalus,NA,Alepocephalidae,Alepocephaliformes,Actinopteri,Osteichthyes,"Pacific, Northeast",native
Allocareproctus jordani,Allocareproctus,NA,Liparidae,Perciformes/Cottoidei,Actinopteri,Osteichthyes,"Pacific, Northeast",native
Allocareproctus kallaion,Allocareproctus,NA,Liparidae,Perciformes/Cottoidei,Actinopteri,Osteichthyes,"Pacific, Northeast",endemic
Allocareproctus tanix,Allocareproctus,NA,Liparidae,Perciformes/Cottoidei,Actinopteri,Osteichthyes,"Pacific, Northeast",native
Allocareproctus unangas,Allocareproctus,NA,Liparidae,Perciformes/Cottoidei,Actinopteri,Osteichthyes,"Pacific, Northeast",native
Allocareproctus ungak,Allocareproctus,NA,Liparidae,Perciformes/Cottoidei,Actinopteri,Osteichthyes,"Pacific, Northeast",endemic
Allocyttus folletti,Allocyttus,Oreosomatinae,Oreosomatidae,Zeiformes,Actinopteri,Osteichthyes,"Pacific, Northeast",native
Allosmerus elongatus,Allosmerus,NA,Osmeridae,Osmeriformes,Actinopteri,Osteichthyes,"Pacific, Northeast",native
Alopias superciliosus,Alopias,NA,Alopiidae,Lamniformes,Elasmobranchii,Chondrichthyes,"Pacific, Northeast",native
Alopias vulpinus,Alopias,NA,Alopiidae,Lamniformes,Elasmobranchii,Chondrichthyes,"Pacific, Northeast",native
Alosa sapidissima,Alosa,Alosinae,Clupeidae,Clupeiformes,Actinopteri,Osteichthyes,"Pacific, Northeast",introduced
Amblyraja badia,Amblyraja,NA,Rajidae,Rajiformes,Elasmobranchii,Chondrichthyes,"Pacific, Northeast",questionable
Ammodytes hexapterus,Ammodytes,NA,Ammodytidae,Perciformes/Uranoscopoidei,Actinopteri,Osteichthyes,"Pacific, Northeast",native
Ammodytes personatus,Ammodytes,NA,Ammodytidae,Perciformes/Uranoscopoidei,Actinopteri,Osteichthyes,"Pacific, Northeast",native
Amphistichus koelzi,Amphistichus,NA,Embiotocidae,Ovalentaria/misc,Actinopteri,Osteichthyes,"Pacific, Northeast",native
Amphistichus rhodoterus,Amphistichus,NA,Embiotocidae,Ovalentaria/misc,Actinopteri,Osteichthyes,"Pacific, Northeast",native
Anarhichas orientalis,Anarhichas,NA,Anarhichadidae,Perciformes/Zoarcoidei,Actinopteri,Osteichthyes,"Pacific, Northeast",native
Anarrhichthys ocellatus,Anarrhichthys,NA,Anarhichadidae,Perciformes/Zoarcoidei,Actinopteri,Osteichthyes,"Pacific, Northeast",native
Anisarchus medius,Anisarchus,NA,Lumpenidae,Perciformes/Zoarcoidei,Actinopteri,Osteichthyes,"Pacific, Northeast",native
Anoplagonus inermis,Anoplagonus,Anoplagoninae,Agonidae,Perciformes/Cottoidei,Actinopteri,Osteichthyes,"Pacific, Northeast",native
Anoplarchus insignis,Anoplarchus,Xiphisterinae,Stichaeidae,Perciformes/Zoarcoidei,Actinopteri,Osteichthyes,"Pacific, Northeast",native
Anoplarchus purpurescens,Anoplarchus,Xiphisterinae,Stichaeidae,Perciformes/Zoarcoidei,Actinopteri,Osteichthyes,"Pacific, Northeast",native
Anoplogaster cornuta,Anoplogaster,NA,Anoplogastridae,Trachichthyiformes,Actinopteri,Osteichthyes,"Pacific, Northeast",native
Anoplopoma fimbria,Anoplopoma,NA,Anoplopomatidae,Perciformes/Cottoidei,Actinopteri,Osteichthyes,"Pacific, Northeast",native
Anotopterus nikparini,Anotopterus,NA,Paralepididae,Aulopiformes,Actinopteri,Osteichthyes,"Pacific, Northeast",native
Antimora microlepis,Antimora,NA,Moridae,Gadiformes,Actinopteri,Osteichthyes,"Pacific, Northeast",native
Aphanopus arigato,Aphanopus,Aphanopodinae,Trichiuridae,Scombriformes,Actinopteri,Osteichthyes,"Pacific, Northeast",native
Apodichthys flavidus,Apodichthys,Apodichthyinae,Pholidae,Perciformes/Zoarcoidei,Actinopteri,Osteichthyes,"Pacific, Northeast",native
Apodichthys fucorum,Apodichthys,Apodichthyinae,Pholidae,Perciformes/Zoarcoidei,Actinopteri,Osteichthyes,"Pacific, Northeast",native
Apristurus brunneus,Apristurus,NA,Pentanchidae,Carcharhiniformes,Elasmobranchii,Chondrichthyes,"Pacific, Northeast",native
Aptocyclus ventricosus,Aptocyclus,Liparopsinae,Cyclopteridae,Perciformes/Cottoidei,Actinopteri,Osteichthyes,"Pacific, Northeast",native
Archistes biseriatus,Archistes,NA,Cottidae,Perciformes/Cottoidei,Actinopteri,Osteichthyes,"Pacific, Northeast",native
Arctoscopus japonicus,Arctoscopus,NA,Trichodontidae,Perciformes/Uranoscopoidei,Actinopteri,Osteichthyes,"Pacific, Northeast",native
Arctozenus risso,Arctozenus,NA,Paralepididae,Aulopiformes,Actinopteri,Osteichthyes,"Pacific, Northeast",native
Argentina sialis,Argentina,NA,Argentinidae,Argentiniformes,Actinopteri,Osteichthyes,"Pacific, Northeast",native
Argyropelecus affinis,Argyropelecus,Sternoptychinae,Sternoptychidae,Stomiiformes,Actinopteri,Osteichthyes,"Pacific, Northeast",native
Argyropelecus hemigymnus,Argyropelecus,Sternoptychinae,Sternoptychidae,Stomiiformes,Actinopteri,Osteichthyes,"Pacific, Northeast",native
Argyropelecus lychnus,Argyropelecus,Sternoptychinae,Sternoptychidae,Stomiiformes,Actinopteri,Osteichthyes,"Pacific, Northeast",native
Argyropelecus sladeni,Argyropelecus,Sternoptychinae,Sternoptychidae,Stomiiformes,Actinopteri,Osteichthyes,"Pacific, Northeast",native
Aristostomias scintillans,Aristostomias,Malacosteinae,Stomiidae,Stomiiformes,Actinopteri,Osteichthyes,"Pacific, Northeast",native
Artediellichthys nigripinnis,Artediellichthys,NA,Cottidae,Perciformes/Cottoidei,Actinopteri,Osteichthyes,"Pacific, Northeast",native
Artediellus miacanthus,Artediellus,NA,Cottidae,Perciformes/Cottoidei,Actinopteri,Osteichthyes,"Pacific, Northeast",native
Artediellus pacificus,Artediellus,NA,Cottidae,Perciformes/Cottoidei,Actinopteri,Osteichthyes,"Pacific, Northeast",native
Artediellus scaber,Artediellus,NA,Cottidae,Perciformes/Cottoidei,Actinopteri,Osteichthyes,"Pacific, Northeast",native
Artedius corallinus,Artedius,NA,Cottidae,Perciformes/Cottoidei,Actinopteri,Osteichthyes,"Pacific, Northeast",native
Artedius fenestralis,Artedius,NA,Cottidae,Perciformes/Cottoidei,Actinopteri,Osteichthyes,"Pacific, Northeast",native
Artedius harringtoni,Artedius,NA,Cottidae,Perciformes/Cottoidei,Actinopteri,Osteichthyes,"Pacific, Northeast",native
Artedius lateralis,Artedius,NA,Cottidae,Perciformes/Cottoidei,Actinopteri,Osteichthyes,"Pacific, Northeast",native
Artedius notospilotus,Artedius,NA,Cottidae,Perciformes/Cottoidei,Actinopteri,Osteichthyes,"Pacific, Northeast",native
Ascelichthys rhodorus,Ascelichthys,NA,Cottidae,Perciformes/Cottoidei,Actinopteri,Osteichthyes,"Pacific, Northeast",native
Asemichthys taylori,Asemichthys,NA,Cottidae,Perciformes/Cottoidei,Actinopteri,Osteichthyes,"Pacific, Northeast",endemic
Aspidophoroides monopterygius,Aspidophoroides,Anoplagoninae,Agonidae,Perciformes/Cottoidei,Actinopteri,Osteichthyes,"Pacific, Northeast",native
Aspidophoroides olrikii,Aspidophoroides,Anoplagoninae,Agonidae,Perciformes/Cottoidei,Actinopteri,Osteichthyes,"Pacific, Northeast",native
Atheresthes evermanni,Atheresthes,Atheresthinae,Pleuronectidae,Pleuronectiformes,Actinopteri,Osteichthyes,"Pacific, Northeast",native
Atheresthes stomias,Atheresthes,Atheresthinae,Pleuronectidae,Pleuronectiformes,Actinopteri,Osteichthyes,"Pacific, Northeast",native
Atherinops affinis,Atherinops,Atherinopsinae,Atherinopsidae,Atheriniformes,Actinopteri,Osteichthyes,"Pacific, Northeast",native
Atherinopsis californiensis,Atherinopsis,Atherinopsinae,Atherinopsidae,Atheriniformes,Actinopteri,Osteichthyes,"Pacific, Northeast",native
Atractoscion nobilis,Atractoscion,NA,Sciaenidae,Eupercaria/misc,Actinopteri,Osteichthyes,"Pacific, Northeast",native
Aulorhynchus flavidus,Aulorhynchus,NA,Aulorhynchidae,Perciformes/Gasterosteoidei,Actinopteri,Osteichthyes,"Pacific, Northeast",native
Avocettina infans,Avocettina,NA,Nemichthyidae,Anguilliformes,Actinopteri,Osteichthyes,"Pacific, Northeast",native
Bajacalifornia megalops,Bajacalifornia,NA,Alepocephalidae,Alepocephaliformes,Actinopteri,Osteichthyes,"Pacific, Northeast",native
Balistes polylepis,Balistes,NA,Balistidae,Tetraodontiformes,Actinopteri,Osteichthyes,"Pacific, Northeast",native
Barathronus pacificus,Barathronus,NA,Bythitidae,Ophidiiformes,Actinopteri,Osteichthyes,"Pacific, Northeast",endemic
Barbourisia rufa,Barbourisia,NA,Barbourisiidae,Beryciformes,Actinopteri,Osteichthyes,"Pacific, Northeast",native
Bassozetus zenkevitchi,Bassozetus,Neobythitinae,Ophidiidae,Ophidiiformes,Actinopteri,Osteichthyes,"Pacific, Northeast",native
Bathophilus brevis,Bathophilus,Melanostomiinae,Stomiidae,Stomiiformes,Actinopteri,Osteichthyes,"Pacific, Northeast",native
Bathophilus flemingi,Bathophilus,Melanostomiinae,Stomiidae,Stomiiformes,Actinopteri,Osteichthyes,"Pacific, Northeast",native
Bathyagonus alascanus,Bathyagonus,Bathyagoninae,Agonidae,Perciformes/Cottoidei,Actinopteri,Osteichthyes,"Pacific, Northeast",native
Bathyagonus infraspinatus,Bathyagonus,Bathyagoninae,Agonidae,Perciformes/Cottoidei,Actinopteri,Osteichthyes,"Pacific, Northeast",native
Bathyagonus nigripinnis,Bathyagonus,Bathyagoninae,Agonidae,Perciformes/Cottoidei,Actinopteri,Osteichthyes,"Pacific, Northeast",native
Bathyagonus pentacanthus,Bathyagonus,Bathyagoninae,Agonidae,Perciformes/Cottoidei,Actinopteri,Osteichthyes,"Pacific, Northeast",native
Bathycongrus varidens,Bathycongrus,Congrinae,Congridae,Anguilliformes,Actinopteri,Osteichthyes,"Pacific, Northeast",native
Bathylaco nigricans,Bathylaco,NA,Alepocephalidae,Alepocephaliformes,Actinopteri,Osteichthyes,"Pacific, Northeast",native
Bathylagoides wesethi,Bathylagoides,NA,Bathylagidae,Argentiniformes,Actinopteri,Osteichthyes,"Pacific, Northeast",native
Bathylagus pacificus,Bathylagus,NA,Bathylagidae,Argentiniformes,Actinopteri,Osteichthyes,"Pacific, Northeast",native
Bathylychnops exilis,Bathylychnops,NA,Opisthoproctidae,Argentiniformes,Actinopteri,Osteichthyes,"Pacific, Northeast",native
Bathymaster caeruleofasciatus,Bathymaster,NA,Bathymasteridae,Perciformes/Zoarcoidei,Actinopteri,Osteichthyes,"Pacific, Northeast",native
Bathymaster leurolepis,Bathymaster,NA,Bathymasteridae,Perciformes/Zoarcoidei,Actinopteri,Osteichthyes,"Pacific, Northeast",native
Bathymaster signatus,Bathymaster,NA,Bathymasteridae,Perciformes/Zoarcoidei,Actinopteri,Osteichthyes,"Pacific, Northeast",native
Bathyraja abyssicola,Bathyraja,NA,Arhynchobatidae,Rajiformes,Elasmobranchii,Chondrichthyes,"Pacific, Northeast",native
Bathyraja aleutica,Bathyraja,NA,Arhynchobatidae,Rajiformes,Elasmobranchii,Chondrichthyes,"Pacific, Northeast",native
Bathyraja interrupta,Bathyraja,NA,Arhynchobatidae,Rajiformes,Elasmobranchii,Chondrichthyes,"Pacific, Northeast",native
Bathyraja lindbergi,Bathyraja,NA,Arhynchobatidae,Rajiformes,Elasmobranchii,Chondrichthyes,"Pacific, Northeast",native
Bathyraja mariposa,Bathyraja,NA,Arhynchobatidae,Rajiformes,Elasmobranchii,Chondrichthyes,"Pacific, Northeast",endemic
Bathyraja panthera,Bathyraja,NA,Arhynchobatidae,Rajiformes,Elasmobranchii,Chondrichthyes,"Pacific, Northeast",endemic
Bathyraja parmifera,Bathyraja,NA,Arhynchobatidae,Rajiformes,Elasmobranchii,Chondrichthyes,"Pacific, Northeast",native
Bathyraja spinosissima,Bathyraja,NA,Arhynchobatidae,Rajiformes,Elasmobranchii,Chondrichthyes,"Pacific, Northeast",native
Bathyraja trachura,Bathyraja,NA,Arhynchobatidae,Rajiformes,Elasmobranchii,Chondrichthyes,"Pacific, Northeast",native
Bathyraja violacea,Bathyraja,NA,Arhynchobatidae,Rajiformes,Elasmobranchii,Chondrichthyes,"Pacific, Northeast",native
Bathysaurus mollis,Bathysaurus,NA,Bathysauridae,Aulopiformes,Actinopteri,Osteichthyes,"Pacific, Northeast",native
Benthalbella dentata,Benthalbella,NA,Scopelarchidae,Aulopiformes,Actinopteri,Osteichthyes,"Pacific, Northeast",native
Benthalbella linguidens,Benthalbella,NA,Scopelarchidae,Aulopiformes,Actinopteri,Osteichthyes,"Pacific, Northeast",native
Benthodesmus pacificus,Benthodesmus,Aphanopodinae,Trichiuridae,Scombriformes,Actinopteri,Osteichthyes,"Pacific, Northeast",native
Benthodesmus tenuis,Benthodesmus,Aphanopodinae,Trichiuridae,Scombriformes,Actinopteri,Osteichthyes,"Pacific, Northeast",native
Beringraja binoculata,Beringraja,NA,Rajidae,Rajiformes,Elasmobranchii,Chondrichthyes,"Pacific, Northeast",native
Beringraja inornata,Beringraja,NA,Rajidae,Rajiformes,Elasmobranchii,Chondrichthyes,"Pacific, Northeast",native
Beringraja rhina,Beringraja,NA,Rajidae,Rajiformes,Elasmobranchii,Chondrichthyes,"Pacific, Northeast",native
Beringraja stellulata,Beringraja,NA,Rajidae,Rajiformes,Elasmobranchii,Chondrichthyes,"Pacific, Northeast",native
Bertella idiomorpha,Bertella,NA,Oneirodidae,Lophiiformes,Actinopteri,Osteichthyes,"Pacific, Northeast",native
Blepsias bilobus,Blepsias,Hemitripteridae,Agonidae,Perciformes/Cottoidei,Actinopteri,Osteichthyes,"Pacific, Northeast",native
Blepsias cirrhosus,Blepsias,Hemitripteridae,Agonidae,Perciformes/Cottoidei,Actinopteri,Osteichthyes,"Pacific, Northeast",native
Bolinia euryptera,Bolinia,NA,Cottidae,Perciformes/Cottoidei,Actinopteri,Osteichthyes,"Pacific, Northeast",native
Boreogadus saida,Boreogadus,NA,Gadidae,Gadiformes,Actinopteri,Osteichthyes,"Pacific, Northeast",native
Bothragonus swanii,Bothragonus,Bothragoninae,Agonidae,Perciformes/Cottoidei,Actinopteri,Osteichthyes,"Pacific, Northeast",native
Bothrocara brunneum,Bothrocara,Lycodinae,Zoarcidae,Perciformes/Zoarcoidei,Actinopteri,Osteichthyes,"Pacific, Northeast",native
Bothrocara molle,Bothrocara,Lycodinae,Zoarcidae,Perciformes/Zoarcoidei,Actinopteri,Osteichthyes,"Pacific, Northeast",native
Bothrocara nyx,Bothrocara,Lycodinae,Zoarcidae,Perciformes/Zoarcoidei,Actinopteri,Osteichthyes,"Pacific, Northeast",endemic
Bothrocara pusillum,Bothrocara,Lycodinae,Zoarcidae,Perciformes/Zoarcoidei,Actinopteri,Osteichthyes,"Pacific, Northeast",endemic
Brachyistius frenatus,Brachyistius,NA,Embiotocidae,Ovalentaria/misc,Actinopteri,Osteichthyes,"Pacific, Northeast",native
Brama japonica,Brama,NA,Bramidae,Scombriformes,Actinopteri,Osteichthyes,"Pacific, Northeast",native
Brosmophycis marginata,Brosmophycis,NA,Bythitidae,Ophidiiformes,Actinopteri,Osteichthyes,"Pacific, Northeast",native
Bryozoichthys lysimus,Bryozoichthys,Chirolophinae,Stichaeidae,Perciformes/Zoarcoidei,Actinopteri,Osteichthyes,"Pacific, Northeast",native
Bryozoichthys marjorius,Bryozoichthys,Chirolophinae,Stichaeidae,Perciformes/Zoarcoidei,Actinopteri,Osteichthyes,"Pacific, Northeast",endemic
Carcharodon carcharias,Carcharodon,NA,NA,NA,NA,NA,"Pacific, Northeast",native
Carcharodon carcharias,Carcharodon,NA,Lamnidae,Lamniformes,Elasmobranchii,Chondrichthyes,"Pacific, Northeast",native
Careproctus abbreviatus,Careproctus,NA,Liparidae,Perciformes/Cottoidei,Actinopteri,Osteichthyes,"Pacific, Northeast",native
Careproctus ambustus,Careproctus,NA,Liparidae,Perciformes/Cottoidei,Actinopteri,Osteichthyes,"Pacific, Northeast",native
Careproctus attenuatus,Careproctus,NA,Liparidae,Perciformes/Cottoidei,Actinopteri,Osteichthyes,"Pacific, Northeast",native
Careproctus bowersianus,Careproctus,NA,Liparidae,Perciformes/Cottoidei,Actinopteri,Osteichthyes,"Pacific, Northeast",native
Careproctus colletti,Careproctus,NA,Liparidae,Perciformes/Cottoidei,Actinopteri,Osteichthyes,"Pacific, Northeast",native
Careproctus comus,Careproctus,NA,Liparidae,Perciformes/Cottoidei,Actinopteri,Osteichthyes,"Pacific, Northeast",endemic
Careproctus cypselurus,Careproctus,NA,Liparidae,Perciformes/Cottoidei,Actinopteri,Osteichthyes,"Pacific, Northeast",native
Careproctus ectenes,Careproctus,NA,Liparidae,Perciformes/Cottoidei,Actinopteri,Osteichthyes,"Pacific, Northeast",endemic
Careproctus faunus,Careproctus,NA,Liparidae,Perciformes/Cottoidei,Actinopteri,Osteichthyes,"Pacific, Northeast",endemic
Careproctus filamentosus,Careproctus,NA,Liparidae,Perciformes/Cottoidei,Actinopteri,Osteichthyes,"Pacific, Northeast",endemic
Careproctus furcellus,Careproctus,NA,Liparidae,Perciformes/Cottoidei,Actinopteri,Osteichthyes,"Pacific, Northeast",native
Careproctus gilberti,Careproctus,NA,Liparidae,Perciformes/Cottoidei,Actinopteri,Osteichthyes,"Pacific, Northeast",endemic
Careproctus longifilis,Careproctus,NA,Liparidae,Perciformes/Cottoidei,Actinopteri,Osteichthyes,"Pacific, Northeast",native
Careproctus lycopersicus,Careproctus,NA,Liparidae,Perciformes/Cottoidei,Actinopteri,Osteichthyes,"Pacific, Northeast",native
Careproctus melanurus,Careproctus,NA,Liparidae,Perciformes/Cottoidei,Actinopteri,Osteichthyes,"Pacific, Northeast",native
Careproctus microstomus,Careproctus,NA,Liparidae,Perciformes/Cottoidei,Actinopteri,Osteichthyes,"Pacific, Northeast",endemic
Careproctus mollis,Careproctus,NA,Liparidae,Perciformes/Cottoidei,Actinopteri,Osteichthyes,"Pacific, Northeast",native
Careproctus oregonensis,Careproctus,NA,Liparidae,Perciformes/Cottoidei,Actinopteri,Osteichthyes,"Pacific, Northeast",endemic
Careproctus ostentum,Careproctus,NA,Liparidae,Perciformes/Cottoidei,Actinopteri,Osteichthyes,"Pacific, Northeast",native
Careproctus ovigerus,Careproctus,NA,Liparidae,Perciformes/Cottoidei,Actinopteri,Osteichthyes,"Pacific, Northeast",endemic
Careproctus phasma,Careproctus,NA,Liparidae,Perciformes/Cottoidei,Actinopteri,Osteichthyes,"Pacific, Northeast",native
Careproctus pycnosoma,Careproctus,NA,Liparidae,Perciformes/Cottoidei,Actinopteri,Osteichthyes,"Pacific, Northeast",native
Careproctus scottae,Careproctus,NA,Liparidae,Perciformes/Cottoidei,Actinopteri,Osteichthyes,"Pacific, Northeast",native
Careproctus simus,Careproctus,NA,Liparidae,Perciformes/Cottoidei,Actinopteri,Osteichthyes,"Pacific, Northeast",native
Careproctus spectrum,Careproctus,NA,Liparidae,Perciformes/Cottoidei,Actinopteri,Osteichthyes,"Pacific, Northeast",endemic
Caristius fasciatus,Caristius,NA,Caristiidae,Scombriformes,Actinopteri,Osteichthyes,"Pacific, Northeast",native
Caristius macropus,Caristius,NA,Caristiidae,Scombriformes,Actinopteri,Osteichthyes,"Pacific, Northeast",native
Cataetyx rubrirostris,Cataetyx,NA,Bythitidae,Ophidiiformes,Actinopteri,Osteichthyes,"Pacific, Northeast",native
Catostomus catostomus,Catostomus,Catostominae,Catostomidae,Cypriniformes,Actinopteri,Osteichthyes,"Pacific, Northeast",native
Caulolatilus princeps,Caulolatilus,NA,Latilidae,Eupercaria/misc,Actinopteri,Osteichthyes,"Pacific, Northeast",native
Caulophryne jordani,Caulophryne,NA,Caulophrynidae,Lophiiformes,Actinopteri,Osteichthyes,"Pacific, Northeast",native
Caulophryne pelagica,Caulophryne,NA,Caulophrynidae,Lophiiformes,Actinopteri,Osteichthyes,"Pacific, Northeast",native
Cebidichthys violaceus,Cebidichthys,NA,Cebidichthyidae,Perciformes/Zoarcoidei,Actinopteri,Osteichthyes,"Pacific, Northeast",native
Ceratoscopelus townsendi,Ceratoscopelus,Lampanyctinae,Myctophidae,Myctophiformes,Actinopteri,Osteichthyes,"Pacific, Northeast",native
Cetorhinus maximus,Cetorhinus,NA,Cetorhinidae,Lamniformes,Elasmobranchii,Chondrichthyes,"Pacific, Northeast",native
Chaenophryne draco,Chaenophryne,NA,Oneirodidae,Lophiiformes,Actinopteri,Osteichthyes,"Pacific, Northeast",native
Chaenophryne longiceps,Chaenophryne,NA,Oneirodidae,Lophiiformes,Actinopteri,Osteichthyes,"Pacific, Northeast",native
Chauliodus macouni,Chauliodus,Chauliodontinae,Stomiidae,Stomiiformes,Actinopteri,Osteichthyes,"Pacific, Northeast",native
Cheilopogon pinnatibarbatus californicus,Cheilopogon,NA,Exocoetidae,Beloniformes,Actinopteri,Osteichthyes,"Pacific, Northeast",native
Chesnonia verrucosa,Chesnonia,Brachyopsinae,Agonidae,Perciformes/Cottoidei,Actinopteri,Osteichthyes,"Pacific, Northeast",native
Chiasmodon niger,Chiasmodon,NA,Chiasmodontidae,Scombriformes,Actinopteri,Osteichthyes,"Pacific, Northeast",native
Chilara taylori,Chilara,Ophidiinae,Ophidiidae,Ophidiiformes,Actinopteri,Osteichthyes,"Pacific, Northeast",native
Chirolophis decoratus,Chirolophis,Chirolophinae,Stichaeidae,Perciformes/Zoarcoidei,Actinopteri,Osteichthyes,"Pacific, Northeast",native
Chirolophis nugator,Chirolophis,Chirolophinae,Stichaeidae,Perciformes/Zoarcoidei,Actinopteri,Osteichthyes,"Pacific, Northeast",native
Chirolophis tarsodes,Chirolophis,Chirolophinae,Stichaeidae,Perciformes/Zoarcoidei,Actinopteri,Osteichthyes,"Pacific, Northeast",native
Chitonotus pugetensis,Chitonotus,NA,Cottidae,Perciformes/Cottoidei,Actinopteri,Osteichthyes,"Pacific, Northeast",native
Chromis punctipinnis,Chromis,Pomacentrinae,Pomacentridae,Ovalentaria/misc,Actinopteri,Osteichthyes,"Pacific, Northeast",native
Citharichthys sordidus,Citharichthys,NA,Cyclopsettidae,Pleuronectiformes,Actinopteri,Osteichthyes,"Pacific, Northeast",native
Citharichthys stigmaeus,Citharichthys,NA,Cyclopsettidae,Pleuronectiformes,Actinopteri,Osteichthyes,"Pacific, Northeast",native
Clevelandia ios,Clevelandia,Gobionellinae,Gobiidae,Gobiiformes,Actinopteri,Osteichthyes,"Pacific, Northeast",native
Clidoderma asperrimum,Clidoderma,Hippoglossinae,Pleuronectidae,Pleuronectiformes,Actinopteri,Osteichthyes,"Pacific, Northeast",native
Clinocottus acuticeps,Clinocottus,NA,Cottidae,Perciformes/Cottoidei,Actinopteri,Osteichthyes,"Pacific, Northeast",native
Clinocottus embryum,Clinocottus,NA,Cottidae,Perciformes/Cottoidei,Actinopteri,Osteichthyes,"Pacific, Northeast",native
Clinocottus globiceps,Clinocottus,NA,Cottidae,Perciformes/Cottoidei,Actinopteri,Osteichthyes,"Pacific, Northeast",native
Clinocottus recalvus,Clinocottus,NA,Cottidae,Perciformes/Cottoidei,Actinopteri,Osteichthyes,"Pacific, Northeast",native
Clupea pallasii pallasii,Clupea,Clupeinae,Clupeidae,Clupeiformes,Actinopteri,Osteichthyes,"Pacific, Northeast",native
Cololabis saira,Cololabis,NA,Scomberesocidae,Beloniformes,Actinopteri,Osteichthyes,"Pacific, Northeast",native
Conocara salmoneum,Conocara,NA,Alepocephalidae,Alepocephaliformes,Actinopteri,Osteichthyes,"Pacific, Northeast",native
Coregonus autumnalis,Coregonus,Coregoninae,Salmonidae,Salmoniformes,Actinopteri,Osteichthyes,"Pacific, Northeast",native
Coregonus laurettae,Coregonus,Coregoninae,Salmonidae,Salmoniformes,Actinopteri,Osteichthyes,"Pacific, Northeast",native
Coregonus pidschian,Coregonus,Coregoninae,Salmonidae,Salmoniformes,Actinopteri,Osteichthyes,"Pacific, Northeast",native
Coregonus sardinella,Coregonus,Coregoninae,Salmonidae,Salmoniformes,Actinopteri,Osteichthyes,"Pacific, Northeast",native
Coryphaena hippurus,Coryphaena,NA,Coryphaenidae,Carangiformes,Actinopteri,Osteichthyes,"Pacific, Northeast",native
Coryphaenoides acrolepis,Coryphaenoides,NA,Macrouridae,Gadiformes,Actinopteri,Osteichthyes,"Pacific, Northeast",native
Coryphaenoides armatus,Coryphaenoides,NA,Macrouridae,Gadiformes,Actinopteri,Osteichthyes,"Pacific, Northeast",native
Coryphaenoides cinereus,Coryphaenoides,NA,Macrouridae,Gadiformes,Actinopteri,Osteichthyes,"Pacific, Northeast",native
Coryphaenoides filifer,Coryphaenoides,NA,Macrouridae,Gadiformes,Actinopteri,Osteichthyes,"Pacific, Northeast",native
Coryphaenoides leptolepis,Coryphaenoides,NA,Macrouridae,Gadiformes,Actinopteri,Osteichthyes,"Pacific, Northeast",native
Coryphaenoides liocephalus,Coryphaenoides,NA,Macrouridae,Gadiformes,Actinopteri,Osteichthyes,"Pacific, Northeast",native
Coryphaenoides longifilis,Coryphaenoides,NA,Macrouridae,Gadiformes,Actinopteri,Osteichthyes,"Pacific, Northeast",native
Coryphaenoides spinulosus,Coryphaenoides,NA,Macrouridae,Gadiformes,Actinopteri,Osteichthyes,"Pacific, Northeast",native
Cryptacanthodes aleutensis,Cryptacanthodes,NA,Cryptacanthodidae,Perciformes/Zoarcoidei,Actinopteri,Osteichthyes,"Pacific, Northeast",native
Cryptacanthodes giganteus,Cryptacanthodes,NA,Cryptacanthodidae,Perciformes/Zoarcoidei,Actinopteri,Osteichthyes,"Pacific, Northeast",native
Crystallichthys cameliae,Crystallichthys,NA,Liparidae,Perciformes/Cottoidei,Actinopteri,Osteichthyes,"Pacific, Northeast",native
Crystallichthys cyclospilus,Crystallichthys,NA,Liparidae,Perciformes/Cottoidei,Actinopteri,Osteichthyes,"Pacific, Northeast",native
Crystallichthys mirabilis,Crystallichthys,NA,Liparidae,Perciformes/Cottoidei,Actinopteri,Osteichthyes,"Pacific, Northeast",native
Cyclothone acclinidens,Cyclothone,NA,Gonostomatidae,Stomiiformes,Actinopteri,Osteichthyes,"Pacific, Northeast",native
Cyclothone atraria,Cyclothone,NA,Gonostomatidae,Stomiiformes,Actinopteri,Osteichthyes,"Pacific, Northeast",native
Cyclothone pallida,Cyclothone,NA,Gonostomatidae,Stomiiformes,Actinopteri,Osteichthyes,"Pacific, Northeast",native
Cyclothone pseudopallida,Cyclothone,NA,Gonostomatidae,Stomiiformes,Actinopteri,Osteichthyes,"Pacific, Northeast",native
Cyclothone signata,Cyclothone,NA,Gonostomatidae,Stomiiformes,Actinopteri,Osteichthyes,"Pacific, Northeast",native
Cyema atrum,Cyema,NA,Cyematidae,Saccopharyngiformes,Actinopteri,Osteichthyes,"Pacific, Northeast",native
Cymatogaster aggregata,Cymatogaster,NA,Embiotocidae,Ovalentaria/misc,Actinopteri,Osteichthyes,"Pacific, Northeast",native
Danaphos oculatus,Danaphos,Maurolicinae,Sternoptychidae,Stomiiformes,Actinopteri,Osteichthyes,"Pacific, Northeast",native
Dasycottus setiger,Dasycottus,NA,Psychrolutidae,Perciformes/Cottoidei,Actinopteri,Osteichthyes,"Pacific, Northeast",native
Derepodichthys alepidotus,Derepodichthys,Lycodinae,Zoarcidae,Perciformes/Zoarcoidei,Actinopteri,Osteichthyes,"Pacific, Northeast",native
Diaphus theta,Diaphus,Diaphinae,Myctophidae,Myctophiformes,Actinopteri,Osteichthyes,"Pacific, Northeast",native
Dicrolene filamentosa,Dicrolene,Neobythitinae,Ophidiidae,Ophidiiformes,Actinopteri,Osteichthyes,"Pacific, Northeast",native
Dicrolene gregoryi,Dicrolene,Neobythitinae,Ophidiidae,Ophidiiformes,Actinopteri,Osteichthyes,"Pacific, Northeast",native
Dicrolene pullata,Dicrolene,Neobythitinae,Ophidiidae,Ophidiiformes,Actinopteri,Osteichthyes,"Pacific, Northeast",native
Diplophos taenia,Diplophos,NA,Gonostomatidae,Stomiiformes,Actinopteri,Osteichthyes,"Pacific, Northeast",native
Diretmoides pauciradiatus,Diretmoides,NA,Diretmidae,Trachichthyiformes,Actinopteri,Osteichthyes,"Pacific, Northeast",native
Ditropichthys storeri,Ditropichthys,NA,Cetomimidae,Beryciformes,Actinopteri,Osteichthyes,"Pacific, Northeast",native
Dolicholagus longirostris,Dolicholagus,NA,Bathylagidae,Argentiniformes,Actinopteri,Osteichthyes,"Pacific, Northeast",native
Dolichopteryx parini,Dolichopteryx,NA,Opisthoproctidae,Argentiniformes,Actinopteri,Osteichthyes,"Pacific, Northeast",native
Elassodiscus caudatus,Elassodiscus,NA,Liparidae,Perciformes/Cottoidei,Actinopteri,Osteichthyes,"Pacific, Northeast",native
Elassodiscus tremebundus,Elassodiscus,NA,Liparidae,Perciformes/Cottoidei,Actinopteri,Osteichthyes,"Pacific, Northeast",native
Electrona risso,Electrona,Myctophinae,Myctophidae,Myctophiformes,Actinopteri,Osteichthyes,"Pacific, Northeast",native
Eleginus gracilis,Eleginus,NA,Gadidae,Gadiformes,Actinopteri,Osteichthyes,"Pacific, Northeast",native
Embassichthys bathybius,Embassichthys,Microstominae,Pleuronectidae,Pleuronectiformes,Actinopteri,Osteichthyes,"Pacific, Northeast",native
Embiotoca lateralis,Embiotoca,NA,Embiotocidae,Ovalentaria/misc,Actinopteri,Osteichthyes,"Pacific, Northeast",native
Engraulis japonicus,Engraulis,Engraulinae,Engraulidae,Clupeiformes,Actinopteri,Osteichthyes,"Pacific, Northeast",native
Engraulis mordax,Engraulis,Engraulinae,Engraulidae,Clupeiformes,Actinopteri,Osteichthyes,"Pacific, Northeast",native
Enophrys bison,Enophrys,NA,Cottidae,Perciformes/Cottoidei,Actinopteri,Osteichthyes,"Pacific, Northeast",native
Enophrys diceraus,Enophrys,NA,Cottidae,Perciformes/Cottoidei,Actinopteri,Osteichthyes,"Pacific, Northeast",native
Enophrys lucasi,Enophrys,NA,Cottidae,Perciformes/Cottoidei,Actinopteri,Osteichthyes,"Pacific, Northeast",native
Entosphenus tridentatus,Entosphenus,Lampetrinae,Petromyzontidae,Petromyzontiformes,Petromyzonti,Agnatha,"Pacific, Northeast",native
Entosphenus tridentatus,Entosphenus,Lampetrinae,NA,NA,NA,NA,"Pacific, Northeast",native
Eopsetta jordani,Eopsetta,Hippoglossinae,Pleuronectidae,Pleuronectiformes,Actinopteri,Osteichthyes,"Pacific, Northeast",native
Eptatretus deani,Eptatretus,Eptatretinae,Myxinidae,Myxiniformes,Myxini,Agnatha,"Pacific, Northeast",native
Eptatretus deani,Eptatretus,Eptatretinae,NA,NA,NA,NA,"Pacific, Northeast",native
Eptatretus stoutii,Eptatretus,Eptatretinae,Myxinidae,Myxiniformes,Myxini,Agnatha,"Pacific, Northeast",native
Eptatretus stoutii,Eptatretus,Eptatretinae,NA,NA,NA,NA,"Pacific, Northeast",native
Erilepis zonifer,Erilepis,NA,Anoplopomatidae,Perciformes/Cottoidei,Actinopteri,Osteichthyes,"Pacific, Northeast",native
Eumesogrammus praecisus,Eumesogrammus,Stichaeinae,Stichaeidae,Perciformes/Zoarcoidei,Actinopteri,Osteichthyes,"Pacific, Northeast",native
Eumicrotremus andriashevi,Eumicrotremus,Eumicrotreminae,Cyclopteridae,Perciformes/Cottoidei,Actinopteri,Osteichthyes,"Pacific, Northeast",native
Eumicrotremus asperrimus,Eumicrotremus,Eumicrotreminae,Cyclopteridae,Perciformes/Cottoidei,Actinopteri,Osteichthyes,"Pacific, Northeast",native
Eumicrotremus barbatus,Eumicrotremus,Eumicrotreminae,Cyclopteridae,Perciformes/Cottoidei,Actinopteri,Osteichthyes,"Pacific, Northeast",native
Eumicrotremus gyrinops,Eumicrotremus,Eumicrotreminae,Cyclopteridae,Perciformes/Cottoidei,Actinopteri,Osteichthyes,"Pacific, Northeast",native
Eumicrotremus orbis,Eumicrotremus,Eumicrotreminae,Cyclopteridae,Perciformes/Cottoidei,Actinopteri,Osteichthyes,"Pacific, Northeast",native
Eumicrotremus phrynoides,Eumicrotremus,Eumicrotreminae,Cyclopteridae,Perciformes/Cottoidei,Actinopteri,Osteichthyes,"Pacific, Northeast",native
Eurymen gyrinus,Eurymen,NA,Psychrolutidae,Perciformes/Cottoidei,Actinopteri,Osteichthyes,"Pacific, Northeast",native
Eustomias woollardi,Eustomias,Melanostomiinae,Stomiidae,Stomiiformes,Actinopteri,Osteichthyes,"Pacific, Northeast",endemic
Evermannella indica,Evermannella,NA,Evermannellidae,Aulopiformes,Actinopteri,Osteichthyes,"Pacific, Northeast",native
Fodiator acutus,Fodiator,NA,Exocoetidae,Beloniformes,Actinopteri,Osteichthyes,"Pacific, Northeast",native
Gadus chalcogrammus,Gadus,NA,Gadidae,Gadiformes,Actinopteri,Osteichthyes,"Pacific, Northeast",native
Gadus macrocephalus,Gadus,NA,Gadidae,Gadiformes,Actinopteri,Osteichthyes,"Pacific, Northeast",native
Galeocerdo cuvier,Galeocerdo,NA,Carcharhinidae,Carcharhiniformes,Elasmobranchii,Chondrichthyes,"Pacific, Northeast",native
Galeorhinus galeus,Galeorhinus,Galeorhininae,Triakidae,Carcharhiniformes,Elasmobranchii,Chondrichthyes,"Pacific, Northeast",native
Gasterosteus aculeatus,Gasterosteus,NA,Gasterosteidae,Perciformes/Gasterosteoidei,Actinopteri,Osteichthyes,"Pacific, Northeast",native
Genioliparis ferox,Genioliparis,NA,Liparidae,Perciformes/Cottoidei,Actinopteri,Osteichthyes,"Pacific, Northeast",endemic
Genyonemus lineatus,Genyonemus,NA,Sciaenidae,Eupercaria/misc,Actinopteri,Osteichthyes,"Pacific, Northeast",native
Gibbonsia metzi,Gibbonsia,NA,Clinidae,Blenniiformes,Actinopteri,Osteichthyes,"Pacific, Northeast",native
Gibbonsia montereyensis,Gibbonsia,NA,Clinidae,Blenniiformes,Actinopteri,Osteichthyes,"Pacific, Northeast",native
Gigantactis gargantua,Gigantactis,NA,Gigantactinidae,Lophiiformes,Actinopteri,Osteichthyes,"Pacific, Northeast",native
Gigantactis macronema,Gigantactis,NA,Gigantactinidae,Lophiiformes,Actinopteri,Osteichthyes,"Pacific, Northeast",native
Glyptocephalus zachirus,Glyptocephalus,Microstominae,Pleuronectidae,Pleuronectiformes,Actinopteri,Osteichthyes,"Pacific, Northeast",native
Gobiesox maeandricus,Gobiesox,Gobiesocinae,Gobiesocidae,Gobiesociformes,Actinopteri,Osteichthyes,"Pacific, Northeast",native
Gonostoma atlanticum,Gonostoma,NA,Gonostomatidae,Stomiiformes,Actinopteri,Osteichthyes,"Pacific, Northeast",native
Gymnelus hemifasciatus,Gymnelus,Gymnelinae,Zoarcidae,Perciformes/Zoarcoidei,Actinopteri,Osteichthyes,"Pacific, Northeast",native
Gymnelus obscurus,Gymnelus,Gymnelinae,Zoarcidae,Perciformes/Zoarcoidei,Actinopteri,Osteichthyes,"Pacific, Northeast",native
Gymnelus popovi,Gymnelus,Gymnelinae,Zoarcidae,Perciformes/Zoarcoidei,Actinopteri,Osteichthyes,"Pacific, Northeast",native
Gymnelus viridis,Gymnelus,Gymnelinae,Zoarcidae,Perciformes/Zoarcoidei,Actinopteri,Osteichthyes,"Pacific, Northeast",native
Gymnocanthus detrisus,Gymnocanthus,NA,Cottidae,Perciformes/Cottoidei,Actinopteri,Osteichthyes,"Pacific, Northeast",native
Gymnocanthus galeatus,Gymnocanthus,NA,Cottidae,Perciformes/Cottoidei,Actinopteri,Osteichthyes,"Pacific, Northeast",native
Gymnocanthus pistilliger,Gymnocanthus,NA,Cottidae,Perciformes/Cottoidei,Actinopteri,Osteichthyes,"Pacific, Northeast",native
Gymnoclinus cristulatus,Gymnoclinus,Chirolophinae,Stichaeidae,Perciformes/Zoarcoidei,Actinopteri,Osteichthyes,"Pacific, Northeast",native
Gyrinichthys minytremus,Gyrinichthys,NA,Liparidae,Perciformes/Cottoidei,Actinopteri,Osteichthyes,"Pacific, Northeast",endemic
Halargyreus johnsonii,Halargyreus,NA,Moridae,Gadiformes,Actinopteri,Osteichthyes,"Pacific, Northeast",native
Hemilepidotus gilberti,Hemilepidotus,NA,Cottidae,Perciformes/Cottoidei,Actinopteri,Osteichthyes,"Pacific, Northeast",native
Hemilepidotus hemilepidotus,Hemilepidotus,NA,Cottidae,Perciformes/Cottoidei,Actinopteri,Osteichthyes,"Pacific, Northeast",native
Hemilepidotus jordani,Hemilepidotus,NA,Cottidae,Perciformes/Cottoidei,Actinopteri,Osteichthyes,"Pacific, Northeast",native
Hemilepidotus papilio,Hemilepidotus,NA,Cottidae,Perciformes/Cottoidei,Actinopteri,Osteichthyes,"Pacific, Northeast",native
Hemilepidotus spinosus,Hemilepidotus,NA,Cottidae,Perciformes/Cottoidei,Actinopteri,Osteichthyes,"Pacific, Northeast",native
Hemilepidotus zapus,Hemilepidotus,NA,Cottidae,Perciformes/Cottoidei,Actinopteri,Osteichthyes,"Pacific, Northeast",native
Hemitripterus bolini,Hemitripterus,Hemitripteridae,Agonidae,Perciformes/Cottoidei,Actinopteri,Osteichthyes,"Pacific, Northeast",native
Hemitripterus villosus,Hemitripterus,Hemitripteridae,Agonidae,Perciformes/Cottoidei,Actinopteri,Osteichthyes,"Pacific, Northeast",native
Heterodontus francisci,Heterodontus,NA,Heterodontidae,Heterodontiformes,Elasmobranchii,Chondrichthyes,"Pacific, Northeast",native
Heterodontus francisci,Heterodontus,NA,NA,NA,NA,NA,"Pacific, Northeast",native
Hexagrammos decagrammus,Hexagrammos,Hexagramminae,Hexagrammidae,Perciformes/Cottoidei,Actinopteri,Osteichthyes,"Pacific, Northeast",native
Hexagrammos lagocephalus,Hexagrammos,Hexagramminae,Hexagrammidae,Perciformes/Cottoidei,Actinopteri,Osteichthyes,"Pacific, Northeast",native
Hexagrammos octogrammus,Hexagrammos,Hexagramminae,Hexagrammidae,Perciformes/Cottoidei,Actinopteri,Osteichthyes,"Pacific, Northeast",native
Hexagrammos stelleri,Hexagrammos,Hexagramminae,Hexagrammidae,Perciformes/Cottoidei,Actinopteri,Osteichthyes,"Pacific, Northeast",native
Hexanchus griseus,Hexanchus,NA,Hexanchidae,Hexanchiformes,Elasmobranchii,Chondrichthyes,"Pacific, Northeast",native
Hexanchus griseus,Hexanchus,NA,NA,NA,NA,NA,"Pacific, Northeast",native
Hippoglossoides elassodon,Hippoglossoides,Pleuronectinae,Pleuronectidae,Pleuronectiformes,Actinopteri,Osteichthyes,"Pacific, Northeast",native
Hippoglossoides robustus,Hippoglossoides,Pleuronectinae,Pleuronectidae,Pleuronectiformes,Actinopteri,Osteichthyes,"Pacific, Northeast",native
Hippoglossus stenolepis,Hippoglossus,Hippoglossinae,Pleuronectidae,Pleuronectiformes,Actinopteri,Osteichthyes,"Pacific, Northeast",native
Histiobranchus bathybius,Histiobranchus,Synaphobranchinae,Synaphobranchidae,Anguilliformes,Actinopteri,Osteichthyes,"Pacific, Northeast",native
Holcomycteronus profundissimus,Holcomycteronus,Neobythitinae,Ophidiidae,Ophidiiformes,Actinopteri,Osteichthyes,"Pacific, Northeast",native
Holtbyrnia innesi,Holtbyrnia,NA,Platytroctidae,Alepocephaliformes,Actinopteri,Osteichthyes,"Pacific, Northeast",native
Holtbyrnia latifrons,Holtbyrnia,NA,Platytroctidae,Alepocephaliformes,Actinopteri,Osteichthyes,"Pacific, Northeast",native
Hydrolagus colliei,Hydrolagus,NA,Chimaeridae,Chimaeriformes,Holocephali,Chondrichthyes,"Pacific, Northeast",native
Hydrolagus melanophasma,Hydrolagus,NA,Chimaeridae,Chimaeriformes,Holocephali,Chondrichthyes,"Pacific, Northeast",native
Hygophum reinhardtii,Hygophum,Myctophinae,Myctophidae,Myctophiformes,Actinopteri,Osteichthyes,"Pacific, Northeast",native
Hypanus dipterurus,Hypanus,Dasyatinae,Dasyatidae,Myliobatiformes,Elasmobranchii,Chondrichthyes,"Pacific, Northeast",native
Hyperprosopon anale,Hyperprosopon,NA,Embiotocidae,Ovalentaria/misc,Actinopteri,Osteichthyes,"Pacific, Northeast",native
Hyperprosopon argenteum,Hyperprosopon,NA,Embiotocidae,Ovalentaria/misc,Actinopteri,Osteichthyes,"Pacific, Northeast",native
Hyperprosopon ellipticum,Hyperprosopon,NA,Embiotocidae,Ovalentaria/misc,Actinopteri,Osteichthyes,"Pacific, Northeast",native
Hypomesus pretiosus,Hypomesus,NA,Osmeridae,Osmeriformes,Actinopteri,Osteichthyes,"Pacific, Northeast",native
Hypsagonus quadricornis,Hypsagonus,Hypsagoninae,Agonidae,Perciformes/Cottoidei,Actinopteri,Osteichthyes,"Pacific, Northeast",native
Icelinus borealis,Icelinus,NA,Cottidae,Perciformes/Cottoidei,Actinopteri,Osteichthyes,"Pacific, Northeast",native
Icelinus burchami,Icelinus,NA,Cottidae,Perciformes/Cottoidei,Actinopteri,Osteichthyes,"Pacific, Northeast",native
Icelinus filamentosus,Icelinus,NA,Cottidae,Perciformes/Cottoidei,Actinopteri,Osteichthyes,"Pacific, Northeast",native
Icelinus fimbriatus,Icelinus,NA,Cottidae,Perciformes/Cottoidei,Actinopteri,Osteichthyes,"Pacific, Northeast",native
Icelinus tenuis,Icelinus,NA,Cottidae,Perciformes/Cottoidei,Actinopteri,Osteichthyes,"Pacific, Northeast",native
Icelus canaliculatus,Icelus,NA,Cottidae,Perciformes/Cottoidei,Actinopteri,Osteichthyes,"Pacific, Northeast",native
Icelus euryops,Icelus,NA,Cottidae,Perciformes/Cottoidei,Actinopteri,Osteichthyes,"Pacific, Northeast",native
Icelus spatula,Icelus,NA,Cottidae,Perciformes/Cottoidei,Actinopteri,Osteichthyes,"Pacific, Northeast",native
Icelus spiniger,Icelus,NA,Cottidae,Perciformes/Cottoidei,Actinopteri,Osteichthyes,"Pacific, Northeast",native
Icelus uncinalis,Icelus,NA,Cottidae,Perciformes/Cottoidei,Actinopteri,Osteichthyes,"Pacific, Northeast",native
Ichthyococcus elongatus,Ichthyococcus,NA,Phosichthyidae,Stomiiformes,Actinopteri,Osteichthyes,"Pacific, Northeast",native
Ichthyococcus irregularis,Ichthyococcus,NA,Phosichthyidae,Stomiiformes,Actinopteri,Osteichthyes,"Pacific, Northeast",native
Icichthys lockingtoni,Icichthys,NA,Centrolophidae,Scombriformes,Actinopteri,Osteichthyes,"Pacific, Northeast",native
Icosteus aenigmaticus,Icosteus,NA,Icosteidae,Scombriformes,Actinopteri,Osteichthyes,"Pacific, Northeast",native
Idiacanthus antrostomus,Idiacanthus,Idiacanthinae,Stomiidae,Stomiiformes,Actinopteri,Osteichthyes,"Pacific, Northeast",native
Isopsetta isolepis,Isopsetta,Pleuronectinae,Pleuronectidae,Pleuronectiformes,Actinopteri,Osteichthyes,"Pacific, Northeast",native
Isurus oxyrinchus,Isurus,NA,NA,NA,NA,NA,"Pacific, Northeast",native
Isurus oxyrinchus,Isurus,NA,Lamnidae,Lamniformes,Elasmobranchii,Chondrichthyes,"Pacific, Northeast",native
Jordania zonope,Jordania,NA,Cottidae,Perciformes/Cottoidei,Actinopteri,Osteichthyes,"Pacific, Northeast",native
Katsuwonus pelamis,Katsuwonus,Scombrinae,Scombridae,Scombriformes,Actinopteri,Osteichthyes,"Pacific, Northeast",native
Laemonema longipes,Laemonema,NA,Moridae,Gadiformes,Actinopteri,Osteichthyes,"Pacific, Northeast",native
Lamna ditropis,Lamna,NA,Lamnidae,Lamniformes,Elasmobranchii,Chondrichthyes,"Pacific, Northeast",native
Lamna ditropis,Lamna,NA,NA,NA,NA,NA,"Pacific, Northeast",native
Lampadena urophaos,Lampadena,Lampanyctinae,Myctophidae,Myctophiformes,Actinopteri,Osteichthyes,"Pacific, Northeast",native
Lampadena yaquinae,Lampadena,Lampanyctinae,Myctophidae,Myctophiformes,Actinopteri,Osteichthyes,"Pacific, Northeast",native
Lampanyctus acanthurus,Lampanyctus,Lampanyctinae,Myctophidae,Myctophiformes,Actinopteri,Osteichthyes,"Pacific, Northeast",native
Lampanyctus bristori,Lampanyctus,Lampanyctinae,Myctophidae,Myctophiformes,Actinopteri,Osteichthyes,"Pacific, Northeast",native
Lampanyctus jordani,Lampanyctus,Lampanyctinae,Myctophidae,Myctophiformes,Actinopteri,Osteichthyes,"Pacific, Northeast",native
Lampanyctus regalis,Lampanyctus,Lampanyctinae,Myctophidae,Myctophiformes,Actinopteri,Osteichthyes,"Pacific, Northeast",native
Lampanyctus ritteri,Lampanyctus,Lampanyctinae,Myctophidae,Myctophiformes,Actinopteri,Osteichthyes,"Pacific, Northeast",native
Lampanyctus simulator,Lampanyctus,Lampanyctinae,Myctophidae,Myctophiformes,Actinopteri,Osteichthyes,"Pacific, Northeast",native
Lampetra ayresii,Lampetra,Lampetrinae,NA,NA,NA,NA,"Pacific, Northeast",native
Lampetra ayresii,Lampetra,Lampetrinae,Petromyzontidae,Petromyzontiformes,Petromyzonti,Agnatha,"Pacific, Northeast",native
Lampris guttatus,Lampris,NA,Lampridae,Lampriformes,Actinopteri,Osteichthyes,"Pacific, Northeast",native
Lepidogobius lepidus,Lepidogobius,Gobionellinae,Gobiidae,Gobiiformes,Actinopteri,Osteichthyes,"Pacific, Northeast",native
Lepidopsetta bilineata,Lepidopsetta,Pleuronectinae,Pleuronectidae,Pleuronectiformes,Actinopteri,Osteichthyes,"Pacific, Northeast",native
Lepidopsetta polyxystra,Lepidopsetta,Pleuronectinae,Pleuronectidae,Pleuronectiformes,Actinopteri,Osteichthyes,"Pacific, Northeast",native
Lepidopus fitchi,Lepidopus,Lepidopodinae,Trichiuridae,Scombriformes,Actinopteri,Osteichthyes,"Pacific, Northeast",native
Leptacanthichthys gracilispinis,Leptacanthichthys,NA,Oneirodidae,Lophiiformes,Actinopteri,Osteichthyes,"Pacific, Northeast",native
Leptocephalus giganteus,Leptocephalus,NA,Notacanthidae,Notacanthiformes,Actinopteri,Osteichthyes,"Pacific, Northeast",native
Leptoclinus maculatus,Leptoclinus,NA,Lumpenidae,Perciformes/Zoarcoidei,Actinopteri,Osteichthyes,"Pacific, Northeast",native
Leptocottus armatus,Leptocottus,NA,Cottidae,Perciformes/Cottoidei,Actinopteri,Osteichthyes,"Pacific, Northeast",native
Lestidiops ringens,Lestidiops,NA,Lestidiidae,Aulopiformes,Actinopteri,Osteichthyes,"Pacific, Northeast",native
Lestidiops sphyraenopsis,Lestidiops,NA,Lestidiidae,Aulopiformes,Actinopteri,Osteichthyes,"Pacific, Northeast",native
Lestidium atlanticum,Lestidium,NA,Lestidiidae,Aulopiformes,Actinopteri,Osteichthyes,"Pacific, Northeast",native
Lethenteron camtschaticum,Lethenteron,Lampetrinae,NA,NA,NA,NA,"Pacific, Northeast",native
Lethenteron camtschaticum,Lethenteron,Lampetrinae,Petromyzontidae,Petromyzontiformes,Petromyzonti,Agnatha,"Pacific, Northeast",native
Lethotremus muticus,Lethotremus,Eumicrotreminae,Cyclopteridae,Perciformes/Cottoidei,Actinopteri,Osteichthyes,"Pacific, Northeast",endemic
Leucicorus lusciosus,Leucicorus,Neobythitinae,Ophidiidae,Ophidiiformes,Actinopteri,Osteichthyes,"Pacific, Northeast",native
Leuroglossus callorhini,Leuroglossus,NA,Bathylagidae,Argentiniformes,Actinopteri,Osteichthyes,"Pacific, Northeast",endemic
Leuroglossus schmidti,Leuroglossus,NA,Bathylagidae,Argentiniformes,Actinopteri,Osteichthyes,"Pacific, Northeast",native
Leuroglossus stilbius,Leuroglossus,NA,Bathylagidae,Argentiniformes,Actinopteri,Osteichthyes,"Pacific, Northeast",native
Limanda aspera,Limanda,Pleuronectinae,Pleuronectidae,Pleuronectiformes,Actinopteri,Osteichthyes,"Pacific, Northeast",native
Limanda proboscidea,Limanda,Pleuronectinae,Pleuronectidae,Pleuronectiformes,Actinopteri,Osteichthyes,"Pacific, Northeast",native
Linophryne coronata,Linophryne,NA,Linophrynidae,Lophiiformes,Actinopteri,Osteichthyes,"Pacific, Northeast",native
Liopsetta glacialis,Liopsetta,Pleuronectinae,Pleuronectidae,Pleuronectiformes,Actinopteri,Osteichthyes,"Pacific, Northeast",native
Liparis adiastolus,Liparis,NA,Liparidae,Perciformes/Cottoidei,Actinopteri,Osteichthyes,"Pacific, Northeast",endemic
Liparis bathyarcticus,Liparis,NA,Liparidae,Perciformes/Cottoidei,Actinopteri,Osteichthyes,"Pacific, Northeast",native
Liparis bristolensis,Liparis,NA,Liparidae,Perciformes/Cottoidei,Actinopteri,Osteichthyes,"Pacific, Northeast",native
Liparis callyodon,Liparis,NA,Liparidae,Perciformes/Cottoidei,Actinopteri,Osteichthyes,"Pacific, Northeast",native
Liparis catharus,Liparis,NA,Liparidae,Perciformes/Cottoidei,Actinopteri,Osteichthyes,"Pacific, Northeast",endemic
Liparis cyclopus,Liparis,NA,Liparidae,Perciformes/Cottoidei,Actinopteri,Osteichthyes,"Pacific, Northeast",native
Liparis dennyi,Liparis,NA,Liparidae,Perciformes/Cottoidei,Actinopteri,Osteichthyes,"Pacific, Northeast",endemic
Liparis florae,Liparis,NA,Liparidae,Perciformes/Cottoidei,Actinopteri,Osteichthyes,"Pacific, Northeast",native
Liparis fucensis,Liparis,NA,Liparidae,Perciformes/Cottoidei,Actinopteri,Osteichthyes,"Pacific, Northeast",native
Liparis gibbus,Liparis,NA,Liparidae,Perciformes/Cottoidei,Actinopteri,Osteichthyes,"Pacific, Northeast",native
Liparis marmoratus,Liparis,NA,Liparidae,Perciformes/Cottoidei,Actinopteri,Osteichthyes,"Pacific, Northeast",native
Liparis megacephalus,Liparis,NA,Liparidae,Perciformes/Cottoidei,Actinopteri,Osteichthyes,"Pacific, Northeast",endemic
Liparis micraspidophorus,Liparis,NA,Liparidae,Perciformes/Cottoidei,Actinopteri,Osteichthyes,"Pacific, Northeast",native
Liparis mucosus,Liparis,NA,Liparidae,Perciformes/Cottoidei,Actinopteri,Osteichthyes,"Pacific, Northeast",native
Liparis ochotensis,Liparis,NA,Liparidae,Perciformes/Cottoidei,Actinopteri,Osteichthyes,"Pacific, Northeast",native
Liparis pulchellus,Liparis,NA,Liparidae,Perciformes/Cottoidei,Actinopteri,Osteichthyes,"Pacific, Northeast",native
Liparis rutteri,Liparis,NA,Liparidae,Perciformes/Cottoidei,Actinopteri,Osteichthyes,"Pacific, Northeast",native
Lipariscus nanus,Lipariscus,NA,Liparidae,Perciformes/Cottoidei,Actinopteri,Osteichthyes,"Pacific, Northeast",native
Lipolagus ochotensis,Lipolagus,NA,Bathylagidae,Argentiniformes,Actinopteri,Osteichthyes,"Pacific, Northeast",native
Lophodolos acanthognathus,Lophodolos,NA,Oneirodidae,Lophiiformes,Actinopteri,Osteichthyes,"Pacific, Northeast",native
Lopholiparis flerxi,Lopholiparis,NA,Liparidae,Perciformes/Cottoidei,Actinopteri,Osteichthyes,"Pacific, Northeast",endemic
Loweina rara,Loweina,Myctophinae,Myctophidae,Myctophiformes,Actinopteri,Osteichthyes,"Pacific, Northeast",native
Lucania parva,Lucania,NA,Fundulidae,Cyprinodontiformes,Actinopteri,Osteichthyes,"Pacific, Northeast",introduced
Lumpenella longirostris,Lumpenella,NA,Lumpenidae,Perciformes/Zoarcoidei,Actinopteri,Osteichthyes,"Pacific, Northeast",native
Lumpenopsis hypochroma,Lumpenopsis,NA,Opisthocentridae,Perciformes/Zoarcoidei,Actinopteri,Osteichthyes,"Pacific, Northeast",native
Lumpenus fabricii,Lumpenus,NA,Lumpenidae,Perciformes/Zoarcoidei,Actinopteri,Osteichthyes,"Pacific, Northeast",native
Lumpenus sagitta,Lumpenus,NA,Lumpenidae,Perciformes/Zoarcoidei,Actinopteri,Osteichthyes,"Pacific, Northeast",native
Luvarus imperialis,Luvarus,NA,Luvaridae,Acanthuriformes,Actinopteri,Osteichthyes,"Pacific, Northeast",native
Lycenchelys alta,Lycenchelys,Lycodinae,Zoarcidae,Perciformes/Zoarcoidei,Actinopteri,Osteichthyes,"Pacific, Northeast",native
Lycenchelys callista,Lycenchelys,Lycodinae,Zoarcidae,Perciformes/Zoarcoidei,Actinopteri,Osteichthyes,"Pacific, Northeast",native
Lycenchelys camchatica,Lycenchelys,Lycodinae,Zoarcidae,Perciformes/Zoarcoidei,Actinopteri,Osteichthyes,"Pacific, Northeast",native
Lycenchelys crotalinus,Lycenchelys,Lycodinae,Zoarcidae,Perciformes/Zoarcoidei,Actinopteri,Osteichthyes,"Pacific, Northeast",native
Lycenchelys jordani,Lycenchelys,Lycodinae,Zoarcidae,Perciformes/Zoarcoidei,Actinopteri,Osteichthyes,"Pacific, Northeast",native
Lycenchelys micropora,Lycenchelys,Lycodinae,Zoarcidae,Perciformes/Zoarcoidei,Actinopteri,Osteichthyes,"Pacific, Northeast",native
Lycenchelys pearcyi,Lycenchelys,Lycodinae,Zoarcidae,Perciformes/Zoarcoidei,Actinopteri,Osteichthyes,"Pacific, Northeast",native
Lycenchelys rassi,Lycenchelys,Lycodinae,Zoarcidae,Perciformes/Zoarcoidei,Actinopteri,Osteichthyes,"Pacific, Northeast",native
Lycenchelys ratmanovi,Lycenchelys,Lycodinae,Zoarcidae,Perciformes/Zoarcoidei,Actinopteri,Osteichthyes,"Pacific, Northeast",native
Lycenchelys rosea,Lycenchelys,Lycodinae,Zoarcidae,Perciformes/Zoarcoidei,Actinopteri,Osteichthyes,"Pacific, Northeast",native
Lycodapus dermatinus,Lycodapus,Lycodinae,Zoarcidae,Perciformes/Zoarcoidei,Actinopteri,Osteichthyes,"Pacific, Northeast",native
Lycodapus endemoscotus,Lycodapus,Lycodinae,Zoarcidae,Perciformes/Zoarcoidei,Actinopteri,Osteichthyes,"Pacific, Northeast",native
Lycodapus fierasfer,Lycodapus,Lycodinae,Zoarcidae,Perciformes/Zoarcoidei,Actinopteri,Osteichthyes,"Pacific, Northeast",native
Lycodapus leptus,Lycodapus,Lycodinae,Zoarcidae,Perciformes/Zoarcoidei,Actinopteri,Osteichthyes,"Pacific, Northeast",endemic
Lycodapus mandibularis,Lycodapus,Lycodinae,Zoarcidae,Perciformes/Zoarcoidei,Actinopteri,Osteichthyes,"Pacific, Northeast",native
Lycodapus pachysoma,Lycodapus,Lycodinae,Zoarcidae,Perciformes/Zoarcoidei,Actinopteri,Osteichthyes,"Pacific, Northeast",native
Lycodapus parviceps,Lycodapus,Lycodinae,Zoarcidae,Perciformes/Zoarcoidei,Actinopteri,Osteichthyes,"Pacific, Northeast",endemic
Lycodapus poecilus,Lycodapus,Lycodinae,Zoarcidae,Perciformes/Zoarcoidei,Actinopteri,Osteichthyes,"Pacific, Northeast",native
Lycodapus psarostomatus,Lycodapus,Lycodinae,Zoarcidae,Perciformes/Zoarcoidei,Actinopteri,Osteichthyes,"Pacific, Northeast",native
Lycodes akuugun,Lycodes,Lycodinae,Zoarcidae,Perciformes/Zoarcoidei,Actinopteri,Osteichthyes,"Pacific, Northeast",endemic
Lycodes albolineatus,Lycodes,Lycodinae,Zoarcidae,Perciformes/Zoarcoidei,Actinopteri,Osteichthyes,"Pacific, Northeast",native
Lycodes beringi,Lycodes,Lycodinae,Zoarcidae,Perciformes/Zoarcoidei,Actinopteri,Osteichthyes,"Pacific, Northeast",native
Lycodes brevipes,Lycodes,Lycodinae,Zoarcidae,Perciformes/Zoarcoidei,Actinopteri,Osteichthyes,"Pacific, Northeast",native
Lycodes brunneofasciatus,Lycodes,Lycodinae,Zoarcidae,Perciformes/Zoarcoidei,Actinopteri,Osteichthyes,"Pacific, Northeast",native
Lycodes concolor,Lycodes,Lycodinae,Zoarcidae,Perciformes/Zoarcoidei,Actinopteri,Osteichthyes,"Pacific, Northeast",native
Lycodes cortezianus,Lycodes,Lycodinae,Zoarcidae,Perciformes/Zoarcoidei,Actinopteri,Osteichthyes,"Pacific, Northeast",native
Lycodes diapterus,Lycodes,Lycodinae,Zoarcidae,Perciformes/Zoarcoidei,Actinopteri,Osteichthyes,"Pacific, Northeast",native
Lycodes pacificus,Lycodes,Lycodinae,Zoarcidae,Perciformes/Zoarcoidei,Actinopteri,Osteichthyes,"Pacific, Northeast",native
Lycodes palearis,Lycodes,Lycodinae,Zoarcidae,Perciformes/Zoarcoidei,Actinopteri,Osteichthyes,"Pacific, Northeast",native
Lycodes polaris,Lycodes,Lycodinae,Zoarcidae,Perciformes/Zoarcoidei,Actinopteri,Osteichthyes,"Pacific, Northeast",native
Lycodes raridens,Lycodes,Lycodinae,Zoarcidae,Perciformes/Zoarcoidei,Actinopteri,Osteichthyes,"Pacific, Northeast",native
Lycodes turneri,Lycodes,Lycodinae,Zoarcidae,Perciformes/Zoarcoidei,Actinopteri,Osteichthyes,"Pacific, Northeast",native
Lyconema barbatum,Lyconema,Lycodinae,Zoarcidae,Perciformes/Zoarcoidei,Actinopteri,Osteichthyes,"Pacific, Northeast",native
Lyopsetta exilis,Lyopsetta,Hippoglossinae,Pleuronectidae,Pleuronectiformes,Actinopteri,Osteichthyes,"Pacific, Northeast",native
Macropinna microstoma,Macropinna,NA,Opisthoproctidae,Argentiniformes,Actinopteri,Osteichthyes,"Pacific, Northeast",native
Magnisudis atlantica,Magnisudis,NA,Paralepididae,Aulopiformes,Actinopteri,Osteichthyes,"Pacific, Northeast",native
Makaira nigricans,Makaira,NA,Istiophoridae,Carangiformes,Actinopteri,Osteichthyes,"Pacific, Northeast",native
Malacocottus aleuticus,Malacocottus,NA,Psychrolutidae,Perciformes/Cottoidei,Actinopteri,Osteichthyes,"Pacific, Northeast",native
Malacocottus kincaidi,Malacocottus,NA,Psychrolutidae,Perciformes/Cottoidei,Actinopteri,Osteichthyes,"Pacific, Northeast",native
Malacocottus zonurus,Malacocottus,NA,Psychrolutidae,Perciformes/Cottoidei,Actinopteri,Osteichthyes,"Pacific, Northeast",native
Malacosteus niger,Malacosteus,Malacosteinae,Stomiidae,Stomiiformes,Actinopteri,Osteichthyes,"Pacific, Northeast",native
Mallotus villosus,Mallotus,NA,Osmeridae,Osmeriformes,Actinopteri,Osteichthyes,"Pacific, Northeast",native
Maulisia argipalla,Maulisia,NA,Platytroctidae,Alepocephaliformes,Actinopteri,Osteichthyes,"Pacific, Northeast",native
Medialuna californiensis,Medialuna,NA,Scorpididae,Centrarchiformes,Actinopteri,Osteichthyes,"Pacific, Northeast",native
Megalocottus platycephalus,Megalocottus,NA,Cottidae,Perciformes/Cottoidei,Actinopteri,Osteichthyes,"Pacific, Northeast",native
Melamphaes lugubris,Melamphaes,NA,Melamphaidae,Beryciformes,Actinopteri,Osteichthyes,"Pacific, Northeast",native
Melamphaes parvus,Melamphaes,NA,Melamphaidae,Beryciformes,Actinopteri,Osteichthyes,"Pacific, Northeast",native
Melamphaes polylepis,Melamphaes,NA,Melamphaidae,Beryciformes,Actinopteri,Osteichthyes,"Pacific, Northeast",native
Melanolagus bericoides,Melanolagus,NA,Bathylagidae,Argentiniformes,Actinopteri,Osteichthyes,"Pacific, Northeast",native
Melanonus zugmayeri,Melanonus,NA,Melanonidae,Gadiformes,Actinopteri,Osteichthyes,"Pacific, Northeast",native
Melanostigma pammelas,Melanostigma,Gymnelinae,Zoarcidae,Perciformes/Zoarcoidei,Actinopteri,Osteichthyes,"Pacific, Northeast",native
Merluccius productus,Merluccius,NA,Merlucciidae,Gadiformes,Actinopteri,Osteichthyes,"Pacific, Northeast",native
Microcottus sellaris,Microcottus,NA,Cottidae,Perciformes/Cottoidei,Actinopteri,Osteichthyes,"Pacific, Northeast",native
Microgadus proximus,Microgadus,NA,Gadidae,Gadiformes,Actinopteri,Osteichthyes,"Pacific, Northeast",native
Microstomus pacificus,Microstomus,Microstominae,Pleuronectidae,Pleuronectiformes,Actinopteri,Osteichthyes,"Pacific, Northeast",native
Mola mola,Mola,NA,Molidae,Tetraodontiformes,Actinopteri,Osteichthyes,"Pacific, Northeast",native
Morone saxatilis,Morone,NA,Moronidae,Eupercaria/misc,Actinopteri,Osteichthyes,"Pacific, Northeast",introduced
Mustelus californicus,Mustelus,Triakinae,Triakidae,Carcharhiniformes,Elasmobranchii,Chondrichthyes,"Pacific, Northeast",native
Mustelus henlei,Mustelus,Triakinae,Triakidae,Carcharhiniformes,Elasmobranchii,Chondrichthyes,"Pacific, Northeast",native
Mustelus lunulatus,Mustelus,Triakinae,Triakidae,Carcharhiniformes,Elasmobranchii,Chondrichthyes,"Pacific, Northeast",native
Myctophum nitidulum,Myctophum,Myctophinae,Myctophidae,Myctophiformes,Actinopteri,Osteichthyes,"Pacific, Northeast",native
Myliobatis californica,Myliobatis,NA,Myliobatidae,Myliobatiformes,Elasmobranchii,Chondrichthyes,"Pacific, Northeast",native
Myoxocephalus jaok,Myoxocephalus,NA,Cottidae,Perciformes/Cottoidei,Actinopteri,Osteichthyes,"Pacific, Northeast",native
Myoxocephalus niger,Myoxocephalus,NA,Cottidae,Perciformes/Cottoidei,Actinopteri,Osteichthyes,"Pacific, Northeast",native
Myoxocephalus polyacanthocephalus,Myoxocephalus,NA,Cottidae,Perciformes/Cottoidei,Actinopteri,Osteichthyes,"Pacific, Northeast",native
Myoxocephalus quadricornis,Myoxocephalus,NA,Cottidae,Perciformes/Cottoidei,Actinopteri,Osteichthyes,"Pacific, Northeast",native
Myoxocephalus scorpius,Myoxocephalus,NA,Cottidae,Perciformes/Cottoidei,Actinopteri,Osteichthyes,"Pacific, Northeast",native
Myoxocephalus stelleri,Myoxocephalus,NA,Cottidae,Perciformes/Cottoidei,Actinopteri,Osteichthyes,"Pacific, Northeast",native
Nalbantichthys elongatus,Nalbantichthys,Gymnelinae,Zoarcidae,Perciformes/Zoarcoidei,Actinopteri,Osteichthyes,"Pacific, Northeast",native
Nansenia candida,Nansenia,NA,Microstomatidae,Argentiniformes,Actinopteri,Osteichthyes,"Pacific, Northeast",native
Narcetes stomias,Narcetes,NA,Alepocephalidae,Alepocephaliformes,Actinopteri,Osteichthyes,"Pacific, Northeast",native
Naucrates ductor,Naucrates,Naucratinae,Carangidae,Carangiformes,Actinopteri,Osteichthyes,"Pacific, Northeast",native
Nautichthys oculofasciatus,Nautichthys,Hemitripteridae,Agonidae,Perciformes/Cottoidei,Actinopteri,Osteichthyes,"Pacific, Northeast",native
Nautichthys pribilovius,Nautichthys,Hemitripteridae,Agonidae,Perciformes/Cottoidei,Actinopteri,Osteichthyes,"Pacific, Northeast",native
Nautichthys robustus,Nautichthys,Hemitripteridae,Agonidae,Perciformes/Cottoidei,Actinopteri,Osteichthyes,"Pacific, Northeast",endemic
Nectoliparis pelagicus,Nectoliparis,NA,Liparidae,Perciformes/Cottoidei,Actinopteri,Osteichthyes,"Pacific, Northeast",native
Nemichthys larseni,Nemichthys,NA,Nemichthyidae,Anguilliformes,Actinopteri,Osteichthyes,"Pacific, Northeast",native
Nemichthys scolopaceus,Nemichthys,NA,Nemichthyidae,Anguilliformes,Actinopteri,Osteichthyes,"Pacific, Northeast",native
Neoclinus bryope,Neoclinus,NA,Chaenopsidae,Blenniiformes,Actinopteri,Osteichthyes,"Pacific, Northeast",native
Neoscopelus macrolepidotus,Neoscopelus,NA,Neoscopelidae,Myctophiformes,Actinopteri,Osteichthyes,"Pacific, Northeast",native
Nezumia stelgidolepis,Nezumia,NA,Macrouridae,Gadiformes,Actinopteri,Osteichthyes,"Pacific, Northeast",native
Notacanthus chemnitzii,Notacanthus,NA,Notacanthidae,Notacanthiformes,Actinopteri,Osteichthyes,"Pacific, Northeast",native
Notophycis fitchi,Notophycis,NA,Moridae,Gadiformes,Actinopteri,Osteichthyes,"Pacific, Northeast",endemic
Notorynchus cepedianus,Notorynchus,NA,Hexanchidae,Hexanchiformes,Elasmobranchii,Chondrichthyes,"Pacific, Northeast",native
Notorynchus cepedianus,Notorynchus,NA,NA,NA,NA,NA,"Pacific, Northeast",native
Notoscopelus japonicus,Notoscopelus,Gymnoscopelinae,Myctophidae,Myctophiformes,Actinopteri,Osteichthyes,"Pacific, Northeast",questionable
Notoscopelus resplendens,Notoscopelus,Gymnoscopelinae,Myctophidae,Myctophiformes,Actinopteri,Osteichthyes,"Pacific, Northeast",native
Occella dodecaedron,Occella,Brachyopsinae,Agonidae,Perciformes/Cottoidei,Actinopteri,Osteichthyes,"Pacific, Northeast",native
Odontopyxis trispinosa,Odontopyxis,Bathyagoninae,Agonidae,Perciformes/Cottoidei,Actinopteri,Osteichthyes,"Pacific, Northeast",native
Oligocottus maculosus,Oligocottus,NA,Cottidae,Perciformes/Cottoidei,Actinopteri,Osteichthyes,"Pacific, Northeast",native
Oligocottus rimensis,Oligocottus,NA,Cottidae,Perciformes/Cottoidei,Actinopteri,Osteichthyes,"Pacific, Northeast",native
Oligocottus snyderi,Oligocottus,NA,Cottidae,Perciformes/Cottoidei,Actinopteri,Osteichthyes,"Pacific, Northeast",native
Omosudis lowii,Omosudis,NA,Alepisauridae,Aulopiformes,Actinopteri,Osteichthyes,"Pacific, Northeast",native
Oncorhynchus clarkii,Oncorhynchus,Salmoninae,Salmonidae,Salmoniformes,Actinopteri,Osteichthyes,"Pacific, Northeast",native
Oncorhynchus gorbuscha,Oncorhynchus,Salmoninae,Salmonidae,Salmoniformes,Actinopteri,Osteichthyes,"Pacific, Northeast",native
Oncorhynchus keta,Oncorhynchus,Salmoninae,Salmonidae,Salmoniformes,Actinopteri,Osteichthyes,"Pacific, Northeast",native
Oncorhynchus kisutch,Oncorhynchus,Salmoninae,Salmonidae,Salmoniformes,Actinopteri,Osteichthyes,"Pacific, Northeast",native
Oncorhynchus mykiss,Oncorhynchus,Salmoninae,Salmonidae,Salmoniformes,Actinopteri,Osteichthyes,"Pacific, Northeast",native
Oncorhynchus nerka,Oncorhynchus,Salmoninae,Salmonidae,Salmoniformes,Actinopteri,Osteichthyes,"Pacific, Northeast",native
Oncorhynchus tshawytscha,Oncorhynchus,Salmoninae,Salmonidae,Salmoniformes,Actinopteri,Osteichthyes,"Pacific, Northeast",native
Oneirodes acanthias,Oneirodes,NA,Oneirodidae,Lophiiformes,Actinopteri,Osteichthyes,"Pacific, Northeast",native
Oneirodes bulbosus,Oneirodes,NA,Oneirodidae,Lophiiformes,Actinopteri,Osteichthyes,"Pacific, Northeast",native
Oneirodes eschrichtii,Oneirodes,NA,Oneirodidae,Lophiiformes,Actinopteri,Osteichthyes,"Pacific, Northeast",native
Oneirodes thompsoni,Oneirodes,NA,Oneirodidae,Lophiiformes,Actinopteri,Osteichthyes,"Pacific, Northeast",native
Opaeophacus acrogeneius,Opaeophacus,Gymnelinae,Zoarcidae,Perciformes/Zoarcoidei,Actinopteri,Osteichthyes,"Pacific, Northeast",native
Ophichthus triserialis,Ophichthus,Ophichthinae,Ophichthidae,Anguilliformes,Actinopteri,Osteichthyes,"Pacific, Northeast",native
Ophichthus zophochir,Ophichthus,Ophichthinae,Ophichthidae,Anguilliformes,Actinopteri,Osteichthyes,"Pacific, Northeast",native
Ophiodon elongatus,Ophiodon,Ophiodontinae,Hexagrammidae,Perciformes/Cottoidei,Actinopteri,Osteichthyes,"Pacific, Northeast",native
Opisthocentrus ocellatus,Opisthocentrus,NA,Opisthocentridae,Perciformes/Zoarcoidei,Actinopteri,Osteichthyes,"Pacific, Northeast",native
Opostomias mitsuii,Opostomias,Melanostomiinae,Stomiidae,Stomiiformes,Actinopteri,Osteichthyes,"Pacific, Northeast",native
Osmerus dentex,Osmerus,NA,Osmeridae,Osmeriformes,Actinopteri,Osteichthyes,"Pacific, Northeast",native
Osmerus eperlanus,Osmerus,NA,Osmeridae,Osmeriformes,Actinopteri,Osteichthyes,"Pacific, Northeast",questionable
Osmerus mordax,Osmerus,NA,Osmeridae,Osmeriformes,Actinopteri,Osteichthyes,"Pacific, Northeast",native
Osteodiscus cascadiae,Osteodiscus,NA,Liparidae,Perciformes/Cottoidei,Actinopteri,Osteichthyes,"Pacific, Northeast",endemic
Oxylebius pictus,Oxylebius,Oxylebiinae,Zaniolepididae,Perciformes/Cottoidei,Actinopteri,Osteichthyes,"Pacific, Northeast",native
Pachycara bulbiceps,Pachycara,Lycodinae,Zoarcidae,Perciformes/Zoarcoidei,Actinopteri,Osteichthyes,"Pacific, Northeast",native
Pachycara gymninium,Pachycara,Lycodinae,Zoarcidae,Perciformes/Zoarcoidei,Actinopteri,Osteichthyes,"Pacific, Northeast",endemic
Pachycara lepinium,Pachycara,Lycodinae,Zoarcidae,Perciformes/Zoarcoidei,Actinopteri,Osteichthyes,"Pacific, Northeast",endemic
Pachystomias microdon,Pachystomias,Melanostomiinae,Stomiidae,Stomiiformes,Actinopteri,Osteichthyes,"Pacific, Northeast",native
Pallasina barbata,Pallasina,Brachyopsinae,Agonidae,Perciformes/Cottoidei,Actinopteri,Osteichthyes,"Pacific, Northeast",native
Paralabrax clathratus,Paralabrax,Serraninae,Serranidae,Perciformes/Serranoidei,Actinopteri,Osteichthyes,"Pacific, Northeast",native
Paralichthys californicus,Paralichthys,NA,Paralichthyidae,Pleuronectiformes,Actinopteri,Osteichthyes,"Pacific, Northeast",native
Paraliparis bullacephalus,Paraliparis,NA,Liparidae,Perciformes/Cottoidei,Actinopteri,Osteichthyes,"Pacific, Northeast",endemic
Paraliparis cephalus,Paraliparis,NA,Liparidae,Perciformes/Cottoidei,Actinopteri,Osteichthyes,"Pacific, Northeast",native
Paraliparis dactylosus,Paraliparis,NA,Liparidae,Perciformes/Cottoidei,Actinopteri,Osteichthyes,"Pacific, Northeast",native
Paraliparis deani,Paraliparis,NA,Liparidae,Perciformes/Cottoidei,Actinopteri,Osteichthyes,"Pacific, Northeast",native
Paraliparis holomelas,Paraliparis,NA,Liparidae,Perciformes/Cottoidei,Actinopteri,Osteichthyes,"Pacific, Northeast",native
Paraliparis latifrons,Paraliparis,NA,Liparidae,Perciformes/Cottoidei,Actinopteri,Osteichthyes,"Pacific, Northeast",endemic
Paraliparis megalopus,Paraliparis,NA,Liparidae,Perciformes/Cottoidei,Actinopteri,Osteichthyes,"Pacific, Northeast",endemic
Paraliparis melanobranchus,Paraliparis,NA,Liparidae,Perciformes/Cottoidei,Actinopteri,Osteichthyes,"Pacific, Northeast",questionable
Paraliparis mento,Paraliparis,NA,Liparidae,Perciformes/Cottoidei,Actinopteri,Osteichthyes,"Pacific, Northeast",endemic
Paraliparis paucidens,Paraliparis,NA,Liparidae,Perciformes/Cottoidei,Actinopteri,Osteichthyes,"Pacific, Northeast",endemic
Paraliparis pectoralis,Paraliparis,NA,Liparidae,Perciformes/Cottoidei,Actinopteri,Osteichthyes,"Pacific, Northeast",native
Paraliparis penicillus,Paraliparis,NA,Liparidae,Perciformes/Cottoidei,Actinopteri,Osteichthyes,"Pacific, Northeast",endemic
Paraliparis rosaceus,Paraliparis,NA,Liparidae,Perciformes/Cottoidei,Actinopteri,Osteichthyes,"Pacific, Northeast",native
Paraliparis ulochir,Paraliparis,NA,Liparidae,Perciformes/Cottoidei,Actinopteri,Osteichthyes,"Pacific, Northeast",native
Parataeniophorus brevis,Parataeniophorus,NA,Cetomimidae,Beryciformes,Actinopteri,Osteichthyes,"Pacific, Northeast",native
Paricelinus hopliticus,Paricelinus,NA,Cottidae,Perciformes/Cottoidei,Actinopteri,Osteichthyes,"Pacific, Northeast",native
Parophrys vetulus,Parophrys,Pleuronectinae,Pleuronectidae,Pleuronectiformes,Actinopteri,Osteichthyes,"Pacific, Northeast",native
Parvilux ingens,Parvilux,Lampanyctinae,Myctophidae,Myctophiformes,Actinopteri,Osteichthyes,"Pacific, Northeast",native
Pentaceros wheeleri,Pentaceros,Pentacerotinae,Pentacerotidae,Acropomatiformes,Actinopteri,Osteichthyes,"Pacific, Northeast",native
Peprilus simillimus,Peprilus,NA,Stromateidae,Scombriformes,Actinopteri,Osteichthyes,"Pacific, Northeast",native
Percis japonica,Percis,Hypsagoninae,Agonidae,Perciformes/Cottoidei,Actinopteri,Osteichthyes,"Pacific, Northeast",native
Phallocottus obtusus,Phallocottus,NA,Cottidae,Perciformes/Cottoidei,Actinopteri,Osteichthyes,"Pacific, Northeast",native
Phanerodon furcatus,Phanerodon,NA,Embiotocidae,Ovalentaria/misc,Actinopteri,Osteichthyes,"Pacific, Northeast",native
Pholis clemensi,Pholis,Pholinae,Pholidae,Perciformes/Zoarcoidei,Actinopteri,Osteichthyes,"Pacific, Northeast",native
Pholis fasciata,Pholis,Pholinae,Pholidae,Perciformes/Zoarcoidei,Actinopteri,Osteichthyes,"Pacific, Northeast",native
Pholis laeta,Pholis,Pholinae,Pholidae,Perciformes/Zoarcoidei,Actinopteri,Osteichthyes,"Pacific, Northeast",native
Pholis ornata,Pholis,Pholinae,Pholidae,Perciformes/Zoarcoidei,Actinopteri,Osteichthyes,"Pacific, Northeast",native
Pholis schultzi,Pholis,Pholinae,Pholidae,Perciformes/Zoarcoidei,Actinopteri,Osteichthyes,"Pacific, Northeast",native
Photonectes margarita,Photonectes,Melanostomiinae,Stomiidae,Stomiiformes,Actinopteri,Osteichthyes,"Pacific, Northeast",native
Photostylus pycnopterus,Photostylus,NA,Alepocephalidae,Alepocephaliformes,Actinopteri,Osteichthyes,"Pacific, Northeast",native
Physiculus rastrelliger,Physiculus,NA,Moridae,Gadiformes,Actinopteri,Osteichthyes,"Pacific, Northeast",native
Phytichthys chirus,Phytichthys,Xiphisterinae,Stichaeidae,Perciformes/Zoarcoidei,Actinopteri,Osteichthyes,"Pacific, Northeast",native
Platichthys stellatus,Platichthys,Pleuronectinae,Pleuronectidae,Pleuronectiformes,Actinopteri,Osteichthyes,"Pacific, Northeast",native
Plectobranchus evides,Plectobranchus,NA,Opisthocentridae,Perciformes/Zoarcoidei,Actinopteri,Osteichthyes,"Pacific, Northeast",native
Pleurogrammus monopterygius,Pleurogrammus,Pleurogramminae,Hexagrammidae,Perciformes/Cottoidei,Actinopteri,Osteichthyes,"Pacific, Northeast",native
Pleuronectes quadrituberculatus,Pleuronectes,Pleuronectinae,Pleuronectidae,Pleuronectiformes,Actinopteri,Osteichthyes,"Pacific, Northeast",native
Pleuronichthys coenosus,Pleuronichthys,Pleuronichthyinae,Pleuronectidae,Pleuronectiformes,Actinopteri,Osteichthyes,"Pacific, Northeast",native
Pleuronichthys decurrens,Pleuronichthys,Pleuronichthyinae,Pleuronectidae,Pleuronectiformes,Actinopteri,Osteichthyes,"Pacific, Northeast",native
Podothecus accipenserinus,Podothecus,Agoninae,Agonidae,Perciformes/Cottoidei,Actinopteri,Osteichthyes,"Pacific, Northeast",native
Polyacanthonotus challengeri,Polyacanthonotus,NA,Notacanthidae,Notacanthiformes,Actinopteri,Osteichthyes,"Pacific, Northeast",native
Polypera greeni,Polypera,NA,Liparidae,Perciformes/Cottoidei,Actinopteri,Osteichthyes,"Pacific, Northeast",native
Porichthys notatus,Porichthys,Porichthyinae,Batrachoididae,Batrachoidiformes,Actinopteri,Osteichthyes,"Pacific, Northeast",native
Poroclinus rothrocki,Poroclinus,NA,Lumpenidae,Perciformes/Zoarcoidei,Actinopteri,Osteichthyes,"Pacific, Northeast",native
Porocottus mednius,Porocottus,NA,Cottidae,Perciformes/Cottoidei,Actinopteri,Osteichthyes,"Pacific, Northeast",native
Porocottus quadrifilis,Porocottus,NA,Cottidae,Perciformes/Cottoidei,Actinopteri,Osteichthyes,"Pacific, Northeast",native
Porogadus longiceps,Porogadus,Neobythitinae,Ophidiidae,Ophidiiformes,Actinopteri,Osteichthyes,"Pacific, Northeast",native
Poromitra crassiceps,Poromitra,NA,Melamphaidae,Beryciformes,Actinopteri,Osteichthyes,"Pacific, Northeast",native
Poromitra cristiceps,Poromitra,NA,Melamphaidae,Beryciformes,Actinopteri,Osteichthyes,"Pacific, Northeast",native
Poromitra curilensis,Poromitra,NA,Melamphaidae,Beryciformes,Actinopteri,Osteichthyes,"Pacific, Northeast",native
Poromitra oscitans,Poromitra,NA,Melamphaidae,Beryciformes,Actinopteri,Osteichthyes,"Pacific, Northeast",native
Poromitra rugosa,Poromitra,NA,Melamphaidae,Beryciformes,Actinopteri,Osteichthyes,"Pacific, Northeast",endemic
Prionace glauca,Prionace,NA,Carcharhinidae,Carcharhiniformes,Elasmobranchii,Chondrichthyes,"Pacific, Northeast",native
Prionotus stephanophrys,Prionotus,Prionotinae,Triglidae,Perciformes/Scorpaenoidei,Actinopteri,Osteichthyes,"Pacific, Northeast",native
Prognatholiparis ptychomandibularis,Prognatholiparis,NA,Liparidae,Perciformes/Cottoidei,Actinopteri,Osteichthyes,"Pacific, Northeast",endemic
Protomyctophum crockeri,Protomyctophum,Myctophinae,Myctophidae,Myctophiformes,Actinopteri,Osteichthyes,"Pacific, Northeast",native
Protomyctophum thompsoni,Protomyctophum,Myctophinae,Myctophidae,Myctophiformes,Actinopteri,Osteichthyes,"Pacific, Northeast",native
Psenes maculatus,Psenes,NA,Nomeidae,Scombriformes,Actinopteri,Osteichthyes,"Pacific, Northeast",native
Psettichthys melanostictus,Psettichthys,Pleuronectinae,Pleuronectidae,Pleuronectiformes,Actinopteri,Osteichthyes,"Pacific, Northeast",native
Pseudobathylagus milleri,Pseudobathylagus,NA,Bathylagidae,Argentiniformes,Actinopteri,Osteichthyes,"Pacific, Northeast",native
Psychrolutes paradoxus,Psychrolutes,NA,Psychrolutidae,Perciformes/Cottoidei,Actinopteri,Osteichthyes,"Pacific, Northeast",native
Psychrolutes phrictus,Psychrolutes,NA,Psychrolutidae,Perciformes/Cottoidei,Actinopteri,Osteichthyes,"Pacific, Northeast",native
Psychrolutes sigalutes,Psychrolutes,NA,Psychrolutidae,Perciformes/Cottoidei,Actinopteri,Osteichthyes,"Pacific, Northeast",native
Pteroplatytrygon violacea,Pteroplatytrygon,Dasyatinae,Dasyatidae,Myliobatiformes,Elasmobranchii,Chondrichthyes,"Pacific, Northeast",native
Ptilichthys goodei,Ptilichthys,NA,Ptilichthyidae,Perciformes/Zoarcoidei,Actinopteri,Osteichthyes,"Pacific, Northeast",native
Pungitius pungitius,Pungitius,NA,Gasterosteidae,Perciformes/Gasterosteoidei,Actinopteri,Osteichthyes,"Pacific, Northeast",native
Radulinus asprellus,Radulinus,NA,Cottidae,Perciformes/Cottoidei,Actinopteri,Osteichthyes,"Pacific, Northeast",native
Radulinus boleoides,Radulinus,NA,Cottidae,Perciformes/Cottoidei,Actinopteri,Osteichthyes,"Pacific, Northeast",native
Rastrinus scutiger,Rastrinus,NA,Cottidae,Perciformes/Cottoidei,Actinopteri,Osteichthyes,"Pacific, Northeast",native
Regalecus russellii,Regalecus,NA,Regalecidae,Lampriformes,Actinopteri,Osteichthyes,"Pacific, Northeast",native
Reinhardtius hippoglossoides,Reinhardtius,Hippoglossinae,Pleuronectidae,Pleuronectiformes,Actinopteri,Osteichthyes,"Pacific, Northeast",native
Remora australis,Remora,NA,Echeneidae,Carangiformes,Actinopteri,Osteichthyes,"Pacific, Northeast",native
Remora remora,Remora,NA,Echeneidae,Carangiformes,Actinopteri,Osteichthyes,"Pacific, Northeast",native
Rhacochilus toxotes,Rhacochilus,NA,Embiotocidae,Ovalentaria/misc,Actinopteri,Osteichthyes,"Pacific, Northeast",native
Rhacochilus vacca,Rhacochilus,NA,Embiotocidae,Ovalentaria/misc,Actinopteri,Osteichthyes,"Pacific, Northeast",native
Rhadinesthes decimus,Rhadinesthes,Astronesthinae,Stomiidae,Stomiiformes,Actinopteri,Osteichthyes,"Pacific, Northeast",native
Rhamphocottus richardsonii,Rhamphocottus,NA,Rhamphocottidae,Perciformes/Cottoidei,Actinopteri,Osteichthyes,"Pacific, Northeast",native
Rhinogobiops nicholsii,Rhinogobiops,Gobiinae,Gobiidae,Gobiiformes,Actinopteri,Osteichthyes,"Pacific, Northeast",native
Rhinoliparis attenuatus,Rhinoliparis,NA,Liparidae,Perciformes/Cottoidei,Actinopteri,Osteichthyes,"Pacific, Northeast",native
Rhinoliparis barbulifer,Rhinoliparis,NA,Liparidae,Perciformes/Cottoidei,Actinopteri,Osteichthyes,"Pacific, Northeast",native
Rhodymenichthys dolichogaster,Rhodymenichthys,Apodichthyinae,Pholidae,Perciformes/Zoarcoidei,Actinopteri,Osteichthyes,"Pacific, Northeast",native
Rimicola muscarum,Rimicola,Gobiesocinae,Gobiesocidae,Gobiesociformes,Actinopteri,Osteichthyes,"Pacific, Northeast",native
Ronquilus jordani,Ronquilus,NA,Bathymasteridae,Perciformes/Zoarcoidei,Actinopteri,Osteichthyes,"Pacific, Northeast",native
Rouleina attrita,Rouleina,NA,Alepocephalidae,Alepocephaliformes,Actinopteri,Osteichthyes,"Pacific, Northeast",native
Ruscarius meanyi,Ruscarius,NA,Cottidae,Perciformes/Cottoidei,Actinopteri,Osteichthyes,"Pacific, Northeast",native
Sagamichthys abei,Sagamichthys,NA,Platytroctidae,Alepocephaliformes,Actinopteri,Osteichthyes,"Pacific, Northeast",native
Salmo salar,Salmo,Salmoninae,Salmonidae,Salmoniformes,Actinopteri,Osteichthyes,"Pacific, Northeast",introduced
Salmo trutta,Salmo,Salmoninae,Salmonidae,Salmoniformes,Actinopteri,Osteichthyes,"Pacific, Northeast",introduced
Salvelinus alpinus,Salvelinus,Salmoninae,Salmonidae,Salmoniformes,Actinopteri,Osteichthyes,"Pacific, Northeast",native
Salvelinus confluentus,Salvelinus,Salmoninae,Salmonidae,Salmoniformes,Actinopteri,Osteichthyes,"Pacific, Northeast",native
Salvelinus fontinalis,Salvelinus,Salmoninae,Salmonidae,Salmoniformes,Actinopteri,Osteichthyes,"Pacific, Northeast",introduced
Salvelinus malma,Salvelinus,Salmoninae,Salmonidae,Salmoniformes,Actinopteri,Osteichthyes,"Pacific, Northeast",native
Sarda chiliensis,Sarda,Scombrinae,Scombridae,Scombriformes,Actinopteri,Osteichthyes,"Pacific, Northeast",native
Sarda lineolata,Sarda,Scombrinae,Scombridae,Scombriformes,Actinopteri,Osteichthyes,"Pacific, Northeast",native
Sardinops sagax,Sardinops,Alosinae,Clupeidae,Clupeiformes,Actinopteri,Osteichthyes,"Pacific, Northeast",native
Sarritor frenatus,Sarritor,Agoninae,Agonidae,Perciformes/Cottoidei,Actinopteri,Osteichthyes,"Pacific, Northeast",native
Sarritor leptorhynchus,Sarritor,Agoninae,Agonidae,Perciformes/Cottoidei,Actinopteri,Osteichthyes,"Pacific, Northeast",native
Scomber japonicus,Scomber,Scombrinae,Scombridae,Scombriformes,Actinopteri,Osteichthyes,"Pacific, Northeast",native
Scopeloberyx robustus,Scopeloberyx,NA,Melamphaidae,Beryciformes,Actinopteri,Osteichthyes,"Pacific, Northeast",questionable
Scopelogadus bispinosus,Scopelogadus,NA,Melamphaidae,Beryciformes,Actinopteri,Osteichthyes,"Pacific, Northeast",native
Scopelosaurus adleri,Scopelosaurus,NA,Notosudidae,Aulopiformes,Actinopteri,Osteichthyes,"Pacific, Northeast",native
Scopelosaurus harryi,Scopelosaurus,NA,Notosudidae,Aulopiformes,Actinopteri,Osteichthyes,"Pacific, Northeast",native
Scorpaenichthys marmoratus,Scorpaenichthys,NA,Cottidae,Perciformes/Cottoidei,Actinopteri,Osteichthyes,"Pacific, Northeast",native
Scytalina cerdale,Scytalina,NA,Scytalinidae,Perciformes/Zoarcoidei,Actinopteri,Osteichthyes,"Pacific, Northeast",native
Sebastes aleutianus,Sebastes,Sebastinae,Sebastidae,Perciformes/Scorpaenoidei,Actinopteri,Osteichthyes,"Pacific, Northeast",native
Sebastes alutus,Sebastes,Sebastinae,Sebastidae,Perciformes/Scorpaenoidei,Actinopteri,Osteichthyes,"Pacific, Northeast",native
Sebastes auriculatus,Sebastes,Sebastinae,Sebastidae,Perciformes/Scorpaenoidei,Actinopteri,Osteichthyes,"Pacific, Northeast",native
Sebastes aurora,Sebastes,Sebastinae,Sebastidae,Perciformes/Scorpaenoidei,Actinopteri,Osteichthyes,"Pacific, Northeast",native
Sebastes babcocki,Sebastes,Sebastinae,Sebastidae,Perciformes/Scorpaenoidei,Actinopteri,Osteichthyes,"Pacific, Northeast",native
Sebastes borealis,Sebastes,Sebastinae,Sebastidae,Perciformes/Scorpaenoidei,Actinopteri,Osteichthyes,"Pacific, Northeast",native
Sebastes brevispinis,Sebastes,Sebastinae,Sebastidae,Perciformes/Scorpaenoidei,Actinopteri,Osteichthyes,"Pacific, Northeast",native
Sebastes carnatus,Sebastes,Sebastinae,Sebastidae,Perciformes/Scorpaenoidei,Actinopteri,Osteichthyes,"Pacific, Northeast",native
Sebastes caurinus,Sebastes,Sebastinae,Sebastidae,Perciformes/Scorpaenoidei,Actinopteri,Osteichthyes,"Pacific, Northeast",native
Sebastes chlorostictus,Sebastes,Sebastinae,Sebastidae,Perciformes/Scorpaenoidei,Actinopteri,Osteichthyes,"Pacific, Northeast",native
Sebastes chrysomelas,Sebastes,Sebastinae,Sebastidae,Perciformes/Scorpaenoidei,Actinopteri,Osteichthyes,"Pacific, Northeast",native
Sebastes ciliatus,Sebastes,Sebastinae,Sebastidae,Perciformes/Scorpaenoidei,Actinopteri,Osteichthyes,"Pacific, Northeast",native
Sebastes crameri,Sebastes,Sebastinae,Sebastidae,Perciformes/Scorpaenoidei,Actinopteri,Osteichthyes,"Pacific, Northeast",native
Sebastes diaconus,Sebastes,Sebastinae,Sebastidae,Perciformes/Scorpaenoidei,Actinopteri,Osteichthyes,"Pacific, Northeast",native
Sebastes diploproa,Sebastes,Sebastinae,Sebastidae,Perciformes/Scorpaenoidei,Actinopteri,Osteichthyes,"Pacific, Northeast",native
Sebastes elongatus,Sebastes,Sebastinae,Sebastidae,Perciformes/Scorpaenoidei,Actinopteri,Osteichthyes,"Pacific, Northeast",native
Sebastes emphaeus,Sebastes,Sebastinae,Sebastidae,Perciformes/Scorpaenoidei,Actinopteri,Osteichthyes,"Pacific, Northeast",endemic
Sebastes entomelas,Sebastes,Sebastinae,Sebastidae,Perciformes/Scorpaenoidei,Actinopteri,Osteichthyes,"Pacific, Northeast",native
Sebastes flavidus,Sebastes,Sebastinae,Sebastidae,Perciformes/Scorpaenoidei,Actinopteri,Osteichthyes,"Pacific, Northeast",native
Sebastes goodei,Sebastes,Sebastinae,Sebastidae,Perciformes/Scorpaenoidei,Actinopteri,Osteichthyes,"Pacific, Northeast",native
Sebastes helvomaculatus,Sebastes,Sebastinae,Sebastidae,Perciformes/Scorpaenoidei,Actinopteri,Osteichthyes,"Pacific, Northeast",native
Sebastes jordani,Sebastes,Sebastinae,Sebastidae,Perciformes/Scorpaenoidei,Actinopteri,Osteichthyes,"Pacific, Northeast",native
Sebastes maliger,Sebastes,Sebastinae,Sebastidae,Perciformes/Scorpaenoidei,Actinopteri,Osteichthyes,"Pacific, Northeast",native
Sebastes melanops,Sebastes,Sebastinae,Sebastidae,Perciformes/Scorpaenoidei,Actinopteri,Osteichthyes,"Pacific, Northeast",native
Sebastes melanostictus,Sebastes,Sebastinae,Sebastidae,Perciformes/Scorpaenoidei,Actinopteri,Osteichthyes,"Pacific, Northeast",native
Sebastes melanostomus,Sebastes,Sebastinae,Sebastidae,Perciformes/Scorpaenoidei,Actinopteri,Osteichthyes,"Pacific, Northeast",native
Sebastes miniatus,Sebastes,Sebastinae,Sebastidae,Perciformes/Scorpaenoidei,Actinopteri,Osteichthyes,"Pacific, Northeast",native
Sebastes mystinus,Sebastes,Sebastinae,Sebastidae,Perciformes/Scorpaenoidei,Actinopteri,Osteichthyes,"Pacific, Northeast",native
Sebastes nebulosus,Sebastes,Sebastinae,Sebastidae,Perciformes/Scorpaenoidei,Actinopteri,Osteichthyes,"Pacific, Northeast",native
Sebastes nigrocinctus,Sebastes,Sebastinae,Sebastidae,Perciformes/Scorpaenoidei,Actinopteri,Osteichthyes,"Pacific, Northeast",native
Sebastes paucispinis,Sebastes,Sebastinae,Sebastidae,Perciformes/Scorpaenoidei,Actinopteri,Osteichthyes,"Pacific, Northeast",native
Sebastes pinniger,Sebastes,Sebastinae,Sebastidae,Perciformes/Scorpaenoidei,Actinopteri,Osteichthyes,"Pacific, Northeast",native
Sebastes polyspinis,Sebastes,Sebastinae,Sebastidae,Perciformes/Scorpaenoidei,Actinopteri,Osteichthyes,"Pacific, Northeast",native
Sebastes proriger,Sebastes,Sebastinae,Sebastidae,Perciformes/Scorpaenoidei,Actinopteri,Osteichthyes,"Pacific, Northeast",native
Sebastes rastrelliger,Sebastes,Sebastinae,Sebastidae,Perciformes/Scorpaenoidei,Actinopteri,Osteichthyes,"Pacific, Northeast",native
Sebastes reedi,Sebastes,Sebastinae,Sebastidae,Perciformes/Scorpaenoidei,Actinopteri,Osteichthyes,"Pacific, Northeast",endemic
Sebastes rosaceus,Sebastes,Sebastinae,Sebastidae,Perciformes/Scorpaenoidei,Actinopteri,Osteichthyes,"Pacific, Northeast",native
Sebastes ruberrimus,Sebastes,Sebastinae,Sebastidae,Perciformes/Scorpaenoidei,Actinopteri,Osteichthyes,"Pacific, Northeast",native
Sebastes saxicola,Sebastes,Sebastinae,Sebastidae,Perciformes/Scorpaenoidei,Actinopteri,Osteichthyes,"Pacific, Northeast",native
Sebastes serranoides,Sebastes,Sebastinae,Sebastidae,Perciformes/Scorpaenoidei,Actinopteri,Osteichthyes,"Pacific, Northeast",native
Sebastes variabilis,Sebastes,Sebastinae,Sebastidae,Perciformes/Scorpaenoidei,Actinopteri,Osteichthyes,"Pacific, Northeast",native
Sebastes variegatus,Sebastes,Sebastinae,Sebastidae,Perciformes/Scorpaenoidei,Actinopteri,Osteichthyes,"Pacific, Northeast",native
Sebastes wilsoni,Sebastes,Sebastinae,Sebastidae,Perciformes/Scorpaenoidei,Actinopteri,Osteichthyes,"Pacific, Northeast",native
Sebastes zacentrus,Sebastes,Sebastinae,Sebastidae,Perciformes/Scorpaenoidei,Actinopteri,Osteichthyes,"Pacific, Northeast",native
Sebastolobus alascanus,Sebastolobus,Sebastolobinae,Sebastidae,Perciformes/Scorpaenoidei,Actinopteri,Osteichthyes,"Pacific, Northeast",native
Sebastolobus altivelis,Sebastolobus,Sebastolobinae,Sebastidae,Perciformes/Scorpaenoidei,Actinopteri,Osteichthyes,"Pacific, Northeast",native
Sebastolobus macrochir,Sebastolobus,Sebastolobinae,Sebastidae,Perciformes/Scorpaenoidei,Actinopteri,Osteichthyes,"Pacific, Northeast",native
Seriola lalandi,Seriola,Naucratinae,Carangidae,Carangiformes,Actinopteri,Osteichthyes,"Pacific, Northeast",native
Seriphus politus,Seriphus,NA,Sciaenidae,Eupercaria/misc,Actinopteri,Osteichthyes,"Pacific, Northeast",native
Serrivomer jesperseni,Serrivomer,NA,Serrivomeridae,Anguilliformes,Actinopteri,Osteichthyes,"Pacific, Northeast",native
Sigmistes caulias,Sigmistes,NA,Cottidae,Perciformes/Cottoidei,Actinopteri,Osteichthyes,"Pacific, Northeast",native
Sigmistes smithi,Sigmistes,NA,Cottidae,Perciformes/Cottoidei,Actinopteri,Osteichthyes,"Pacific, Northeast",native
Sigmops gracilis,Sigmops,NA,Gonostomatidae,Stomiiformes,Actinopteri,Osteichthyes,"Pacific, Northeast",native
Somniosus pacificus,Somniosus,NA,Somniosidae,Squaliformes,Elasmobranchii,Chondrichthyes,"Pacific, Northeast",native
Spectrunculus crassus,Spectrunculus,Neobythitinae,Ophidiidae,Ophidiiformes,Actinopteri,Osteichthyes,"Pacific, Northeast",native
Spectrunculus grandis,Spectrunculus,Neobythitinae,Ophidiidae,Ophidiiformes,Actinopteri,Osteichthyes,"Pacific, Northeast",native
Sphoeroides lispus,Sphoeroides,Tetraodontinae,Tetraodontidae,Tetraodontiformes,Actinopteri,Osteichthyes,"Pacific, Northeast",native
Sphyraena argentea,Sphyraena,NA,Sphyraenidae,Carangaria/misc,Actinopteri,Osteichthyes,"Pacific, Northeast",native
Spirinchus starksi,Spirinchus,NA,Osmeridae,Osmeriformes,Actinopteri,Osteichthyes,"Pacific, Northeast",native
Spirinchus thaleichthys,Spirinchus,NA,Osmeridae,Osmeriformes,Actinopteri,Osteichthyes,"Pacific, Northeast",native
Squalus acanthias,Squalus,NA,Squalidae,Squaliformes,Elasmobranchii,Chondrichthyes,"Pacific, Northeast",native
Squalus suckleyi,Squalus,NA,Squalidae,Squaliformes,Elasmobranchii,Chondrichthyes,"Pacific, Northeast",native
Squatina californica,Squatina,NA,Squatinidae,Squatiniformes,Elasmobranchii,Chondrichthyes,"Pacific, Northeast",native
Stelgistrum concinnum,Stelgistrum,NA,Cottidae,Perciformes/Cottoidei,Actinopteri,Osteichthyes,"Pacific, Northeast",native
Stellerina xyosterna,Stellerina,Brachyopsinae,Agonidae,Perciformes/Cottoidei,Actinopteri,Osteichthyes,"Pacific, Northeast",native
Stenobrachius leucopsarus,Stenobrachius,Lampanyctinae,Myctophidae,Myctophiformes,Actinopteri,Osteichthyes,"Pacific, Northeast",native
Stenobrachius nannochir,Stenobrachius,Lampanyctinae,Myctophidae,Myctophiformes,Actinopteri,Osteichthyes,"Pacific, Northeast",native
Stereolepis gigas,Stereolepis,NA,Polyprionidae,Acropomatiformes,Actinopteri,Osteichthyes,"Pacific, Northeast",native
Sternoptyx diaphana,Sternoptyx,Sternoptychinae,Sternoptychidae,Stomiiformes,Actinopteri,Osteichthyes,"Pacific, Northeast",native
Sternoptyx pseudobscura,Sternoptyx,Sternoptychinae,Sternoptychidae,Stomiiformes,Actinopteri,Osteichthyes,"Pacific, Northeast",native
Stichaeus punctatus punctatus,Stichaeus,Stichaeinae,Stichaeidae,Perciformes/Zoarcoidei,Actinopteri,Osteichthyes,"Pacific, Northeast",native
Symbolophorus californiensis,Symbolophorus,Myctophinae,Myctophidae,Myctophiformes,Actinopteri,Osteichthyes,"Pacific, Northeast",native
Symphurus atricauda,Symphurus,Symphurinae,Cynoglossidae,Pleuronectiformes,Actinopteri,Osteichthyes,"Pacific, Northeast",questionable
Synchirus gilli,Synchirus,NA,Cottidae,Perciformes/Cottoidei,Actinopteri,Osteichthyes,"Pacific, Northeast",native
Syngnathus leptorhynchus,Syngnathus,Syngnathinae,Syngnathidae,Syngnathiformes,Actinopteri,Osteichthyes,"Pacific, Northeast",native
Synodus lucioceps,Synodus,Synodontinae,Synodontidae,Aulopiformes,Actinopteri,Osteichthyes,"Pacific, Northeast",native
Taaningichthys bathyphilus,Taaningichthys,Lampanyctinae,Myctophidae,Myctophiformes,Actinopteri,Osteichthyes,"Pacific, Northeast",native
Tactostoma macropus,Tactostoma,Melanostomiinae,Stomiidae,Stomiiformes,Actinopteri,Osteichthyes,"Pacific, Northeast",native
Talismania bifurcata,Talismania,NA,Alepocephalidae,Alepocephaliformes,Actinopteri,Osteichthyes,"Pacific, Northeast",native
Taractes asper,Taractes,NA,Bramidae,Scombriformes,Actinopteri,Osteichthyes,"Pacific, Northeast",native
Taranetzella lyoderma,Taranetzella,Lycodinae,Zoarcidae,Perciformes/Zoarcoidei,Actinopteri,Osteichthyes,"Pacific, Northeast",native
Tarletonbeania crenularis,Tarletonbeania,Myctophinae,Myctophidae,Myctophiformes,Actinopteri,Osteichthyes,"Pacific, Northeast",native
Tarletonbeania taylori,Tarletonbeania,Myctophinae,Myctophidae,Myctophiformes,Actinopteri,Osteichthyes,"Pacific, Northeast",native
Temnocora candida,Temnocora,NA,Liparidae,Perciformes/Cottoidei,Actinopteri,Osteichthyes,"Pacific, Northeast",native
Tetragonurus cuvieri,Tetragonurus,NA,Tetragonuridae,Scombriformes,Actinopteri,Osteichthyes,"Pacific, Northeast",native
Tetronarce californica,Tetronarce,NA,Torpedinidae,Torpediniformes,Elasmobranchii,Chondrichthyes,"Pacific, Northeast",native
Thaleichthys pacificus,Thaleichthys,NA,Osmeridae,Osmeriformes,Actinopteri,Osteichthyes,"Pacific, Northeast",native
Thunnus alalunga,Thunnus,Scombrinae,Scombridae,Scombriformes,Actinopteri,Osteichthyes,"Pacific, Northeast",native
Thunnus obesus,Thunnus,Scombrinae,Scombridae,Scombriformes,Actinopteri,Osteichthyes,"Pacific, Northeast",native
Thunnus orientalis,Thunnus,Scombrinae,Scombridae,Scombriformes,Actinopteri,Osteichthyes,"Pacific, Northeast",native
Thyriscus anoplus,Thyriscus,NA,Cottidae,Perciformes/Cottoidei,Actinopteri,Osteichthyes,"Pacific, Northeast",native
Trachipterus altivelis,Trachipterus,NA,Trachipteridae,Lampriformes,Actinopteri,Osteichthyes,"Pacific, Northeast",native
Trachurus symmetricus,Trachurus,Caranginae,Carangidae,Carangiformes,Actinopteri,Osteichthyes,"Pacific, Northeast",native
Triakis semifasciata,Triakis,Triakinae,Triakidae,Carcharhiniformes,Elasmobranchii,Chondrichthyes,"Pacific, Northeast",native
Trichocottus brashnikovi,Trichocottus,NA,Cottidae,Perciformes/Cottoidei,Actinopteri,Osteichthyes,"Pacific, Northeast",native
Trichodon trichodon,Trichodon,NA,Trichodontidae,Perciformes/Uranoscopoidei,Actinopteri,Osteichthyes,"Pacific, Northeast",native
Triglops forficatus,Triglops,NA,Cottidae,Perciformes/Cottoidei,Actinopteri,Osteichthyes,"Pacific, Northeast",native
Triglops macellus,Triglops,NA,Cottidae,Perciformes/Cottoidei,Actinopteri,Osteichthyes,"Pacific, Northeast",endemic
Triglops metopias,Triglops,NA,Cottidae,Perciformes/Cottoidei,Actinopteri,Osteichthyes,"Pacific, Northeast",native
Triglops pingelii,Triglops,NA,Cottidae,Perciformes/Cottoidei,Actinopteri,Osteichthyes,"Pacific, Northeast",native
Triglops scepticus,Triglops,NA,Cottidae,Perciformes/Cottoidei,Actinopteri,Osteichthyes,"Pacific, Northeast",native
Triglops xenostethus,Triglops,NA,Cottidae,Perciformes/Cottoidei,Actinopteri,Osteichthyes,"Pacific, Northeast",native
Uraspis helvola,Uraspis,Caranginae,Carangidae,Carangiformes,Actinopteri,Osteichthyes,"Pacific, Northeast",native
Urobatis halleri,Urobatis,NA,Urotrygonidae,Myliobatiformes,Elasmobranchii,Chondrichthyes,"Pacific, Northeast",native
Valenciennellus tripunctulatus,Valenciennellus,Maurolicinae,Sternoptychidae,Stomiiformes,Actinopteri,Osteichthyes,"Pacific, Northeast",native
Venefica tentaculata,Venefica,NA,Nettastomatidae,Anguilliformes,Actinopteri,Osteichthyes,"Pacific, Northeast",native
Xeneretmus latifrons,Xeneretmus,Bathyagoninae,Agonidae,Perciformes/Cottoidei,Actinopteri,Osteichthyes,"Pacific, Northeast",native
Xeneretmus leiops,Xeneretmus,Bathyagoninae,Agonidae,Perciformes/Cottoidei,Actinopteri,Osteichthyes,"Pacific, Northeast",native
Xeneretmus triacanthus,Xeneretmus,Bathyagoninae,Agonidae,Perciformes/Cottoidei,Actinopteri,Osteichthyes,"Pacific, Northeast",native
Xenomystax atrarius,Xenomystax,Congrinae,Congridae,Anguilliformes,Actinopteri,Osteichthyes,"Pacific, Northeast",native
Xiphias gladius,Xiphias,NA,Xiphiidae,Carangiformes,Actinopteri,Osteichthyes,"Pacific, Northeast",native
Xiphister atropurpureus,Xiphister,Xiphisterinae,Stichaeidae,Perciformes/Zoarcoidei,Actinopteri,Osteichthyes,"Pacific, Northeast",native
Xiphister mucosus,Xiphister,Xiphisterinae,Stichaeidae,Perciformes/Zoarcoidei,Actinopteri,Osteichthyes,"Pacific, Northeast",native
Zaniolepis frenata,Zaniolepis,Zaniolepidinae,Zaniolepididae,Perciformes/Cottoidei,Actinopteri,Osteichthyes,"Pacific, Northeast",native
Zaniolepis latipinnis,Zaniolepis,Zaniolepidinae,Zaniolepididae,Perciformes/Cottoidei,Actinopteri,Osteichthyes,"Pacific, Northeast",native
Zaprora silenus,Zaprora,NA,Zaproridae,Perciformes/Zoarcoidei,Actinopteri,Osteichthyes,"Pacific, Northeast",native
Zesticelus profundorum,Zesticelus,NA,Cottidae,Perciformes/Cottoidei,Actinopteri,Osteichthyes,"Pacific, Northeast",native
