Representative Sample ID,Phylum,Class,Order,Family,Genus,Species,string,N
ZOO_046,Arthropoda,Copepoda,Calanoida,Aetideidae,Chirundina,Chirundina streetsii,Arthropoda_Copepoda_Calanoida_Aetideidae_Chirundina_Chirundina streetsii,1
ZOO_144,Arthropoda,Copepoda,Calanoida,Aetideidae,Undeuchaeta,Undeuchaeta plumosa,Arthropoda_Copepoda_Calanoida_Aetideidae_Undeuchaeta_Undeuchaeta plumosa,1
ZOO_006,Arthropoda,Copepoda,Calanoida,Arietellidae,Arietellus,Arietellus plumifer,Arthropoda_Copepoda_Calanoida_Arietellidae_Arietellus_Arietellus plumifer,1
ZOO18S_112,Arthropoda,Copepoda,Monstrilloida,Monstrillidae,Monstrilla,Monstrilla wandelii,Arthropoda_Copepoda_Monstrilloida_Monstrillidae_Monstrilla_Monstrilla wandelii,1
ZOO18S_021,Arthropoda,Malacostraca,Amphipoda,Calliopiidae,Calliopius,,Arthropoda_Malacostraca_Amphipoda_Calliopiidae_Calliopius_,1
ZOO18S_126,Arthropoda,Malacostraca,Euphausiacea,Euphausiidae,Thysanoessa,Thysanoessa longipes,Arthropoda_Malacostraca_Euphausiacea_Euphausiidae_Thysanoessa_Thysanoessa longipes,1
ZOO_211,Arthropoda,Malacostraca,Euphausiacea,Euphausiidae,Thysanoessa,Thysanoessa raschii,Arthropoda_Malacostraca_Euphausiacea_Euphausiidae_Thysanoessa_Thysanoessa raschii,1
ZOO18S_061,Arthropoda,Malacostraca,Isopoda,,,,Arthropoda_Malacostraca_Isopoda___,1
ZOO_831,Arthropoda,,,,,,Arthropoda_____,1
ZOO18S_111,Arthropoda,Copepoda,Monstrilloida,Monstrillidae,Monstrilla,Monstrilla spinosa,Arthropoda_Copepoda_Monstrilloida_Monstrillidae_Monstrilla_Monstrilla spinosa,2
ZOO_036,Arthropoda,Malacostraca,Decapoda,Cancridae,Metacarcinus,Metacarcinus magister,Arthropoda_Malacostraca_Decapoda_Cancridae_Metacarcinus_Metacarcinus magister,2
ZOO18S_062,Arthropoda,Malacostraca,Decapoda,Pinnotheridae,Fabia,Fabia subquadrata,Arthropoda_Malacostraca_Decapoda_Pinnotheridae_Fabia_Fabia subquadrata,2
ZOO_093,Arthropoda,Copepoda,Calanoida,Aetideidae,Gaetanus,Gaetanus minutus,Arthropoda_Copepoda_Calanoida_Aetideidae_Gaetanus_Gaetanus minutus,3
ZOO_212,Arthropoda,Malacostraca,Euphausiacea,Euphausiidae,Thysanoessa,Thysanoessa spinifera,Arthropoda_Malacostraca_Euphausiacea_Euphausiidae_Thysanoessa_Thysanoessa spinifera,3
ZOO18S_122,Arthropoda,Copepoda,Calanoida,Scolecitrichidae,Scolecithricella,Scolecithricella minor,Arthropoda_Copepoda_Calanoida_Scolecitrichidae_Scolecithricella_Scolecithricella minor,4
ZOO18S_134,Arthropoda,Copepoda,Harpacticoida,Ectinosomatidae,Pseudobradya,,Arthropoda_Copepoda_Harpacticoida_Ectinosomatidae_Pseudobradya_,4
ZOO18S_113,Arthropoda,Malacostraca,Decapoda,Munididae,Munida,Munida quadrispina,Arthropoda_Malacostraca_Decapoda_Munididae_Munida_Munida quadrispina,4
ZOO_224,Arthropoda,Ostracoda,Halocyprida,Halocyprididae,Alacia,Alacia major,Arthropoda_Ostracoda_Halocyprida_Halocyprididae_Alacia_Alacia major,4
ZOO_558,Chaetognatha,Sagittoidea,Aphragmophora,Sagittidae,Pseudosagitta,Pseudosagitta lyra,Chaetognatha_Sagittoidea_Aphragmophora_Sagittidae_Pseudosagitta_Pseudosagitta lyra,4
ZOO18S_101,Arthropoda,Copepoda,Calanoida,Clausocalanidae,Microcalanus,Microcalanus pusillus,Arthropoda_Copepoda_Calanoida_Clausocalanidae_Microcalanus_Microcalanus pusillus,5
ZOO18S_106,Arthropoda,Copepoda,Calanoida,Clausocalanidae,Microcalanus,Microcalanus pygmaeus,Arthropoda_Copepoda_Calanoida_Clausocalanidae_Microcalanus_Microcalanus pygmaeus,5
ZOO18S_086,Arthropoda,Copepoda,Calanoida,Temoridae,Eurytemora,Eurytemora affinis,Arthropoda_Copepoda_Calanoida_Temoridae_Eurytemora_Eurytemora affinis,5
ZOO18S_129,Arthropoda,Copepoda,Calanoida,Tortanidae,Tortanus,Tortanus discaudatus,Arthropoda_Copepoda_Calanoida_Tortanidae_Tortanus_Tortanus discaudatus,5
ZOO18S_091,Arthropoda,Copepoda,Cyclopoida,Oithonidae,Oithona,Oithona davisae,Arthropoda_Copepoda_Cyclopoida_Oithonidae_Oithona_Oithona davisae,5
ZOO18S_096,Arthropoda,Malacostraca,Amphipoda,Hyperiidae,Hyperia,,Arthropoda_Malacostraca_Amphipoda_Hyperiidae_Hyperia_,5
ZOO18S_080,Arthropoda,Copepoda,Canuelloida,Canuellidae,Coullana,Coullana canadensis,Arthropoda_Copepoda_Canuelloida_Canuellidae_Coullana_Coullana canadensis,6
ZOO_001,Arthropoda,Ostracoda,Halocyprida,Halocyprididae,Alacia,Alacia minor,Arthropoda_Ostracoda_Halocyprida_Halocyprididae_Alacia_Alacia minor,6
ZOO18S_165,Arthropoda,Copepoda,Calanoida,Clausocalanidae,Pseudocalanus,,Arthropoda_Copepoda_Calanoida_Clausocalanidae_Pseudocalanus_,7
ZOO_159,Arthropoda,Malacostraca,Amphipoda,Phrosinidae,Primno,Primno abyssalis,Arthropoda_Malacostraca_Amphipoda_Phrosinidae_Primno_Primno abyssalis,7
ZOO18S_022,Arthropoda,Malacostraca,Decapoda,Cancridae,Cancer,,Arthropoda_Malacostraca_Decapoda_Cancridae_Cancer_,7
ZOO18S_001,Arthropoda,Copepoda,Calanoida,Acartiidae,Acartia,Acartia longiremis,Arthropoda_Copepoda_Calanoida_Acartiidae_Acartia_Acartia longiremis,8
ZOO18S_009,Arthropoda,Copepoda,Calanoida,Aetideidae,Aetideus,Aetideus divergens,Arthropoda_Copepoda_Calanoida_Aetideidae_Aetideus_Aetideus divergens,8
ZOO_038,Arthropoda,Copepoda,Calanoida,Candaciidae,Candacia,Candacia columbiae,Arthropoda_Copepoda_Calanoida_Candaciidae_Candacia_Candacia columbiae,8
ZOO18S_029,Arthropoda,Copepoda,Calanoida,Centropagidae,Centropages,Centropages abdominalis,Arthropoda_Copepoda_Calanoida_Centropagidae_Centropages_Centropages abdominalis,8
ZOO_100,Arthropoda,Copepoda,Calanoida,Heterorhabdidae,Heterorhabdus,Heterorhabdus tanneri,Arthropoda_Copepoda_Calanoida_Heterorhabdidae_Heterorhabdus_Heterorhabdus tanneri,8
ZOO18S_072,Arthropoda,Malacostraca,Decapoda,Hippolytidae,,,Arthropoda_Malacostraca_Decapoda_Hippolytidae__,8
ZOO_156,Arthropoda,Malacostraca,Decapoda,Pasiphaeidae,Pasiphaea,Pasiphaea pacifica,Arthropoda_Malacostraca_Decapoda_Pasiphaeidae_Pasiphaea_Pasiphaea pacifica,8
ZOO18S_053,Arthropoda,Malacostraca,Euphausiacea,Euphausiidae,Euphausia,Euphausia pacifica,Arthropoda_Malacostraca_Euphausiacea_Euphausiidae_Euphausia_Euphausia pacifica,8
ZOO18S_037,Arthropoda,Thecostraca,,,,,Arthropoda_Thecostraca____,8
ZOO18S_154,Arthropoda,Copepoda,Cyclopoida,Oithonidae,Oithona,Oithona atlantica,Arthropoda_Copepoda_Cyclopoida_Oithonidae_Oithona_Oithona atlantica,9
ZOO_185,Arthropoda,Malacostraca,Amphipoda,Scinidae,Scina,Scina borealis,Arthropoda_Malacostraca_Amphipoda_Scinidae_Scina_Scina borealis,9
ZOO18S_156,Arthropoda,Branchiopoda,Onychopoda,Podonidae,Evadne,,Arthropoda_Branchiopoda_Onychopoda_Podonidae_Evadne_,10
ZOO18S_144,Arthropoda,Copepoda,Calanoida,Paracalanidae,Paracalanus,,Arthropoda_Copepoda_Calanoida_Paracalanidae_Paracalanus_,10
ZOO18S_180,Arthropoda,Copepoda,Cyclopoida,Oithonidae,Oithona,Oithona similis,Arthropoda_Copepoda_Cyclopoida_Oithonidae_Oithona_Oithona similis,10
ZOO_095,Arthropoda,Copepoda,Calanoida,Aetideidae,Gaetanus,Gaetanus simplex,Arthropoda_Copepoda_Calanoida_Aetideidae_Gaetanus_Gaetanus simplex,11
ZOO_180,Arthropoda,Copepoda,Calanoida,Clausocalanidae,Pseudocalanus,Pseudocalanus newmani,Arthropoda_Copepoda_Calanoida_Clausocalanidae_Pseudocalanus_Pseudocalanus newmani,11
ZOO_121,Arthropoda,Copepoda,Calanoida,Metridinidae,Metridia,Metridia pseudopacifica,Arthropoda_Copepoda_Calanoida_Metridinidae_Metridia_Metridia pseudopacifica,11
ZOO_175,Arthropoda,Copepoda,Calanoida,Clausocalanidae,Pseudocalanus,Pseudocalanus moultoni,Arthropoda_Copepoda_Calanoida_Clausocalanidae_Pseudocalanus_Pseudocalanus moultoni,15
ZOO_145,Arthropoda,Copepoda,Calanoida,Euchaetidae,Paraeuchaeta,Paraeuchaeta elongata,Arthropoda_Copepoda_Calanoida_Euchaetidae_Paraeuchaeta_Paraeuchaeta elongata,19
ZOO_126,Arthropoda,Copepoda,Calanoida,Calanidae,Neocalanus,Neocalanus cristatus,Arthropoda_Copepoda_Calanoida_Calanidae_Neocalanus_Neocalanus cristatus,20
ZOO_047,Arthropoda,Copepoda,Cyclopoida,Corycaeidae,Ditrichocorycaeus,Ditrichocorycaeus anglicus,Arthropoda_Copepoda_Cyclopoida_Corycaeidae_Ditrichocorycaeus_Ditrichocorycaeus anglicus,25
ZOO_213,Arthropoda,Copepoda,Cyclopoida,Oncaeidae,Triconia,Triconia borealis,Arthropoda_Copepoda_Cyclopoida_Oncaeidae_Triconia_Triconia borealis,28
ZOO_027,Arthropoda,Copepoda,Calanoida,Calanidae,Calanus,Calanus pacificus,Arthropoda_Copepoda_Calanoida_Calanidae_Calanus_Calanus pacificus,31
ZOO_134,Arthropoda,Copepoda,Calanoida,Calanidae,Neocalanus,Neocalanus plumchrus,Arthropoda_Copepoda_Calanoida_Calanidae_Neocalanus_Neocalanus plumchrus,31
ZOO_057,Arthropoda,Malacostraca,Amphipoda,Cyphocarididae,Cyphocaris,Cyphocaris challengeri,Arthropoda_Malacostraca_Amphipoda_Cyphocarididae_Cyphocaris_Cyphocaris challengeri,34
ZOO_083,Arthropoda,Copepoda,Calanoida,Eucalanidae,Eucalanus,Eucalanus bungii,Arthropoda_Copepoda_Calanoida_Eucalanidae_Eucalanus_Eucalanus bungii,36
ZOO_040,Arthropoda,Copepoda,Calanoida,Aetideidae,Chiridius,Chiridius gracilis,Arthropoda_Copepoda_Calanoida_Aetideidae_Chiridius_Chiridius gracilis,37
ZOO_068,Arthropoda,Ostracoda,Halocyprida,Halocyprididae,Discoconchoecia,Discoconchoecia elegans,Arthropoda_Ostracoda_Halocyprida_Halocyprididae_Discoconchoecia_Discoconchoecia elegans,51
ZOO_165,Arthropoda,Copepoda,Calanoida,Clausocalanidae,Pseudocalanus,Pseudocalanus minutus,Arthropoda_Copepoda_Calanoida_Clausocalanidae_Pseudocalanus_Pseudocalanus minutus,59
ZOO_476,Chaetognatha,Sagittoidea,Aphragmophora,Sagittidae,Parasagitta,Parasagitta elegans,Chaetognatha_Sagittoidea_Aphragmophora_Sagittidae_Parasagitta_Parasagitta elegans,84
ZOO_191,Arthropoda,Malacostraca,Amphipoda,Hyperiidae,Themisto,Themisto pacifica,Arthropoda_Malacostraca_Amphipoda_Hyperiidae_Themisto_Themisto pacifica,86
ZOO_381,Mollusca,Gastropoda,Pteropoda,Limacinidae,Limacina,Limacina helicina,Mollusca_Gastropoda_Pteropoda_Limacinidae_Limacina_Limacina helicina,95
ZOO_007,Arthropoda,Copepoda,Calanoida,Calanidae,Calanus,Calanus marshallae,Arthropoda_Copepoda_Calanoida_Calanidae_Calanus_Calanus marshallae,101
ZOO_101,Arthropoda,Copepoda,Calanoida,Metridinidae,Metridia,Metridia pacifica,Arthropoda_Copepoda_Calanoida_Metridinidae_Metridia_Metridia pacifica,124